"pers_id","time_id","x"
1,"1",0.283595
1,"2",-0.34398
1,"3",-1.01539
1,"4",-0.424243
1,"5",1.03382
2,"1",-0.147109
2,"2",-0.504112
2,"3",0.652042
2,"4",-0.574763
2,"5",-0.913836
3,"1",0.214981
3,"2",-0.786694
3,"3",-1.45454
3,"4",-1.02033
3,"5",-1.42488
4,"1",-0.97528
4,"2",-1.50348
4,"3",-0.33637
4,"4",0.0958279
4,"5",-1.81418
5,"1",-0.0733422
5,"2",-0.186709
5,"3",-0.0799306
5,"4",1.56198
5,"5",0.217905
6,"1",0.00804713
6,"2",-0.0323604
6,"3",-0.817648
6,"4",0.371488
6,"5",-0.155302
7,"1",0.163849
7,"2",-0.48012
7,"3",-0.918717
7,"4",-0.807805
7,"5",1.29017
8,"1",1.35382
8,"2",-0.544012
8,"3",0.756014
8,"4",-1.1694
8,"5",1.91705
9,"1",-0.637351
9,"2",-0.569252
9,"3",0.279746
9,"4",0.10625
9,"5",-0.653097
10,"1",3.30635
10,"2",0.945224
10,"3",1.92602
10,"4",0.892186
10,"5",1.57248
11,"1",-1.55226
11,"2",0.70122
11,"3",0.151644
11,"4",1.62661
11,"5",0.343035
12,"1",-0.879222
12,"2",-0.745942
12,"3",-0.464084
12,"4",-0.763352
12,"5",-1.27407
13,"1",1.68504
13,"2",0.0405085
13,"3",-0.548256
13,"4",-1.31307
13,"5",-1.66168
14,"1",0.223888
14,"2",-0.283031
14,"3",1.97932
14,"4",0.0666596
14,"5",0.772241
15,"1",-1.14855
15,"2",0.0761944
15,"3",0.993815
15,"4",-0.469591
15,"5",1.74244
16,"1",0.0936366
16,"2",0.208688
16,"3",0.989244
16,"4",-1.26599
16,"5",-0.339043
17,"1",-0.60617
17,"2",-1.30159
17,"3",0.229232
17,"4",-0.137506
17,"5",-1.45854
18,"1",-1.63285
18,"2",0.154986
18,"3",-1.29423
18,"4",0.270159
18,"5",0.20688
19,"1",-0.57646
19,"2",0.533938
19,"3",0.687251
19,"4",1.29075
19,"5",-0.0798413
20,"1",-0.287045
20,"2",-0.188171
20,"3",-1.21535
20,"4",-1.24378
20,"5",1.58271
21,"1",0.427424
21,"2",-0.818817
21,"3",-1.28041
21,"4",-0.175066
21,"5",0.076269
22,"1",0.416355
22,"2",0.19237
22,"3",-2.31999
22,"4",-0.580563
22,"5",-0.404562
23,"1",0.898464
23,"2",0.178054
23,"3",-1.43616
23,"4",-0.419047
23,"5",-0.828133
24,"1",1.07851
24,"2",0.150849
24,"3",2.09783
24,"4",-1.25675
24,"5",-1.30085
25,"1",-0.622567
25,"2",0.4711
25,"3",0.59738
25,"4",0.100148
25,"5",0.179548
26,"1",-1.32225
26,"2",-1.46711
26,"3",-1.36671
26,"4",0.201328
26,"5",-0.791258
27,"1",-0.664393
27,"2",1.12223
27,"3",0.899048
27,"4",0.305211
27,"5",0.132848
28,"1",-1.15962
28,"2",-1.96017
28,"3",-1.06904
28,"4",-0.027057
28,"5",0.891974
29,"1",-1.00958
29,"2",0.576324
29,"3",-0.63383
29,"4",-1.92794
29,"5",0.110787
30,"1",0.71098
30,"2",1.28002
30,"3",-0.969289
30,"4",-0.00361335
30,"5",0.476473
31,"1",0.873519
31,"2",-0.406309
31,"3",-0.326991
31,"4",-0.495112
31,"5",1.566
32,"1",-0.652763
32,"2",-1.24932
32,"3",0.380445
32,"4",1.29392
32,"5",-0.517651
33,"1",-0.737516
33,"2",-0.851021
33,"3",-0.377862
33,"4",-1.41762
33,"5",0.414756
34,"1",1.18663
34,"2",0.6593
34,"3",-0.22135
34,"4",0.710843
34,"5",-0.609924
35,"1",1.12275
35,"2",0.592198
35,"3",1.03687
35,"4",-0.940356
35,"5",1.92987
36,"1",-0.0786399
36,"2",-0.984116
36,"3",-1.12284
36,"4",-0.638261
36,"5",-2.48255
37,"1",-0.461051
37,"2",0.2746
37,"3",0.873265
37,"4",-0.290758
37,"5",-1.15234
38,"1",-1.24091
38,"2",-0.128987
38,"3",0.964666
38,"4",0.601519
38,"5",-0.164105
39,"1",-0.385723
39,"2",0.365454
39,"3",1.04758
39,"4",0.305919
39,"5",0.836702
40,"1",-0.853485
40,"2",0.614866
40,"3",1.3669
40,"4",-1.39788
40,"5",-0.223303
41,"1",2.1307
41,"2",0.613306
41,"3",0.0155434
41,"4",-0.552783
41,"5",-0.878479
42,"1",1.8324
42,"2",-2.34174
42,"3",-0.424735
42,"4",-0.189976
42,"5",0.569944
43,"1",-0.591956
43,"2",-0.269983
43,"3",3.05783
43,"4",1.42889
43,"5",-1.58596
44,"1",0.258649
44,"2",0.648814
44,"3",-0.812377
44,"4",-2.53445
44,"5",-0.321113
45,"1",-0.182131
45,"2",0.506984
45,"3",-0.502014
45,"4",-0.618017
45,"5",1.58311
46,"1",1.07504
46,"2",-0.814309
46,"3",0.0695052
46,"4",-1.57901
46,"5",-1.00268
47,"1",0.822214
47,"2",0.246696
47,"3",1.44461
47,"4",0.0246144
47,"5",-0.0528095
48,"1",-0.571559
48,"2",0.538417
48,"3",0.803027
48,"4",-0.532961
48,"5",0.111413
49,"1",0.277708
49,"2",-0.321429
49,"3",-0.309807
49,"4",0.511461
49,"5",-1.11913
50,"1",-0.248094
50,"2",-0.892501
50,"3",-0.0897988
50,"4",-1.19782
50,"5",1.11724
51,"1",0.221084
51,"2",-1.22574
51,"3",2.09764
51,"4",0.573264
51,"5",0.806816
52,"1",2.84062
52,"2",0.284336
52,"3",-1.72134
52,"4",0.94642
52,"5",0.825758
53,"1",-0.643694
53,"2",1.02308
53,"3",-0.554081
53,"4",0.829549
53,"5",-0.464194
54,"1",0.196117
54,"2",-1.15623
54,"3",-0.960686
54,"4",0.146468
54,"5",-0.815939
55,"1",-1.19506
55,"2",0.499257
55,"3",-1.2352
55,"4",1.81878
55,"5",0.588095
56,"1",2.01167
56,"2",0.530627
56,"3",1.18175
56,"4",-1.80899
56,"5",-0.635089
57,"1",0.366383
57,"2",0.217198
57,"3",-0.0739818
57,"4",0.320362
57,"5",-0.886453
58,"1",0.14117
58,"2",-0.116631
58,"3",-0.162296
58,"4",-0.482519
58,"5",-1.51591
59,"1",-0.478434
59,"2",-0.349215
59,"3",-0.587306
59,"4",-0.158416
59,"5",0.0692434
60,"1",-1.12793
60,"2",1.18457
60,"3",-0.478202
60,"4",-0.131295
60,"5",1.53801
61,"1",0.257987
61,"2",0.0862419
61,"3",-0.923683
61,"4",0.112758
61,"5",0.621465
62,"1",-1.03908
62,"2",2.21312
62,"3",0.272246
62,"4",-1.33501
62,"5",0.651972
63,"1",-0.13255
63,"2",0.950021
63,"3",2.34676
63,"4",0.137072
63,"5",-0.65109
64,"1",0.302984
64,"2",-0.202247
64,"3",0.654089
64,"4",0.216342
64,"5",1.3817
65,"1",0.218768
65,"2",-0.128957
65,"3",-0.753541
65,"4",0.846938
65,"5",0.0360866
66,"1",-0.0518434
66,"2",-0.984491
66,"3",-0.825827
66,"4",-1.78961
66,"5",-0.820591
67,"1",0.649754
67,"2",-0.203056
67,"3",0.788692
67,"4",0.163207
67,"5",-0.489307
68,"1",0.885879
68,"2",-1.539
68,"3",-0.600728
68,"4",-0.462031
68,"5",0.853972
69,"1",0.795849
69,"2",1.40811
69,"3",1.38293
69,"4",0.779908
69,"5",0.707993
70,"1",-0.101478
70,"2",-0.349022
70,"3",0.322056
70,"4",-1.02846
70,"5",0.21846
71,"1",0.633298
71,"2",0.858969
71,"3",0.11439
71,"4",-1.48039
71,"5",1.77636
72,"1",0.95733
72,"2",-1.25091
72,"3",-0.909757
72,"4",1.8774
72,"5",-0.642042
73,"1",0.0733898
73,"2",-0.417327
73,"3",0.146221
73,"4",1.10995
73,"5",-0.450575
74,"1",-1.2227
74,"2",1.63399
74,"3",0.424395
74,"4",-0.260827
74,"5",0.28589
75,"1",0.450537
75,"2",0.702823
75,"3",1.77054
75,"4",0.522913
75,"5",0.156213
76,"1",-0.573587
76,"2",-0.731942
76,"3",0.413209
76,"4",-1.23963
76,"5",-1.22834
77,"1",0.852451
77,"2",0.536873
77,"3",-0.900248
77,"4",-1.4201
77,"5",-0.717238
78,"1",-0.343379
78,"2",-1.79508
78,"3",0.959527
78,"4",-0.019808
78,"5",-0.604605
79,"1",2.26702
79,"2",0.360355
79,"3",-0.468843
79,"4",1.1117
79,"5",-0.416988
80,"1",1.19306
80,"2",-1.87298
80,"3",-0.670677
80,"4",-1.26378
80,"5",-0.512212
81,"1",0.0804518
81,"2",1.32684
81,"3",1.57034
81,"4",1.42966
81,"5",-0.70583
82,"1",-1.15426
82,"2",0.885009
82,"3",-0.588308
82,"4",0.0560175
82,"5",-0.698913
83,"1",-1.58563
83,"2",-1.83508
83,"3",0.0546651
83,"4",-1.41919
83,"5",-0.183472
84,"1",1.73308
84,"2",1.51883
84,"3",0.103285
84,"4",-1.03231
84,"5",-0.993346
85,"1",0.428943
85,"2",0.255881
85,"3",0.82092
85,"4",-0.0954562
85,"5",-1.0183
86,"1",1.4886
86,"2",1.09657
86,"3",1.32937
86,"4",0.644073
86,"5",-0.445132
87,"1",-1.40286
87,"2",0.605818
87,"3",-1.45718
87,"4",-0.0484268
87,"5",1.96363
88,"1",0.789568
88,"2",-0.67122
88,"3",0.0152303
88,"4",1.04849
88,"5",0.824476
89,"1",-0.384303
89,"2",0.0270341
89,"3",2.14097
89,"4",-1.6425
89,"5",-0.273403
90,"1",0.552537
90,"2",1.50809
90,"3",-0.0179223
90,"4",0.128162
90,"5",0.662736
91,"1",0.758751
91,"2",-0.396891
91,"3",-0.297672
91,"4",0.0564402
91,"5",1.07068
92,"1",0.119391
92,"2",-0.757475
92,"3",-0.776661
92,"4",1.05036
92,"5",0.334768
93,"1",-0.715609
93,"2",-0.639523
93,"3",0.66885
93,"4",0.743275
93,"5",0.0730072
94,"1",-1.66901
94,"2",-1.05724
94,"3",-0.344211
94,"4",-0.482079
94,"5",1.23939
95,"1",2.82514
95,"2",0.142926
95,"3",-0.0332392
95,"4",1.46841
95,"5",-0.896978
96,"1",0.873592
96,"2",0.535316
96,"3",-0.207516
96,"4",-0.0320825
96,"5",-0.289145
97,"1",1.17991
97,"2",0.418378
97,"3",-1.23226
97,"4",-1.1281
97,"5",0.434285
98,"1",0.738398
98,"2",1.90043
98,"3",1.68946
98,"4",0.0988146
98,"5",0.303467
99,"1",0.199801
99,"2",-0.62256
99,"3",-1.29244
99,"4",-1.45092
99,"5",-0.664657
100,"1",-0.444199
100,"2",1.58873
100,"3",-0.346486
100,"4",0.186932
100,"5",0.540298
101,"1",2.09509
101,"2",0.293096
101,"3",0.756674
101,"4",0.151375
101,"5",-1.2158
102,"1",-0.54379
102,"2",1.21519
102,"3",-0.625179
102,"4",-0.500453
102,"5",-0.568303
103,"1",0.361379
103,"2",-1.13397
103,"3",1.05407
103,"4",-0.86658
103,"5",1.92369
104,"1",0.369837
104,"2",-0.237701
104,"3",1.27509
104,"4",0.093001
104,"5",-0.482772
105,"1",0.996684
105,"2",2.11942
105,"3",-0.742039
105,"4",1.42287
105,"5",-0.580856
106,"1",-0.512051
106,"2",-1.28226
106,"3",-0.726902
106,"4",0.264076
106,"5",-0.241129
107,"1",-0.969368
107,"2",0.985338
107,"3",1.01019
107,"4",0.337815
107,"5",1.31972
108,"1",0.206873
108,"2",0.0156121
108,"3",-2.58398
108,"4",0.170246
108,"5",1.15905
109,"1",0.35546
109,"2",0.736974
109,"3",-0.558224
109,"4",-0.260848
109,"5",0.616124
110,"1",0.642305
110,"2",-0.680623
110,"3",-0.958943
110,"4",-1.77635
110,"5",-0.798191
111,"1",0.880775
111,"2",0.0167404
111,"3",-1.15086
111,"4",-1.55869
111,"5",0.0581203
112,"1",1.5823
112,"2",-0.311769
112,"3",-1.41922
112,"4",-1.08335
112,"5",2.94335
113,"1",0.345848
113,"2",1.14317
113,"3",0.813381
113,"4",-1.40982
113,"5",-1.45232
114,"1",-0.551572
114,"2",0.178877
114,"3",0.715079
114,"4",0.855426
114,"5",0.463716
115,"1",0.254552
115,"2",-0.792814
115,"3",-0.271689
115,"4",0.573265
115,"5",-0.431589
116,"1",1.35341
116,"2",-0.0788302
116,"3",0.160147
116,"4",0.00929474
116,"5",-0.018292
117,"1",-0.438157
117,"2",0.922079
117,"3",0.270541
117,"4",0.656992
117,"5",0.398716
118,"1",1.15049
118,"2",0.0188945
118,"3",0.781036
118,"4",0.792596
118,"5",-0.0829071
119,"1",0.0564538
119,"2",-1.01192
119,"3",1.42318
119,"4",0.359517
119,"5",1.92143
120,"1",0.149148
120,"2",-2.22548
120,"3",0.68571
120,"4",1.27108
120,"5",0.182994
121,"1",0.609446
121,"2",0.342623
121,"3",-0.618738
121,"4",-0.695283
121,"5",0.538131
122,"1",0.824117
122,"2",-0.58165
122,"3",0.789422
122,"4",2.50745
122,"5",-1.24748
123,"1",-1.50173
123,"2",-0.107887
123,"3",0.804096
123,"4",0.871864
123,"5",1.08629
124,"1",0.617519
124,"2",2.97274
124,"3",0.887761
124,"4",0.644213
124,"5",2.74513
125,"1",1.03389
125,"2",2.69312
125,"3",0.73215
125,"4",0.271865
125,"5",-0.0841033
126,"1",1.30717
126,"2",-1.62463
126,"3",-1.06548
126,"4",-0.137316
126,"5",-0.537848
127,"1",0.804803
127,"2",-0.259418
127,"3",0.222282
127,"4",-2.89926
127,"5",-2.05101
128,"1",-0.0190431
128,"2",-0.392229
128,"3",0.17562
128,"4",0.861557
128,"5",-1.2464
129,"1",0.244539
129,"2",0.443858
129,"3",-1.70266
129,"4",1.78206
129,"5",0.328436
130,"1",-0.913405
130,"2",1.43372
130,"3",-0.962949
130,"4",-1.88329
130,"5",0.650069
131,"1",-1.56978
131,"2",-0.681152
131,"3",0.644967
131,"4",-0.752901
131,"5",-0.469174
132,"1",-0.775589
132,"2",-0.34927
132,"3",-0.902631
132,"4",2.61546
132,"5",-0.10705
133,"1",0.931462
133,"2",-0.616266
133,"3",-1.05302
133,"4",0.91759
133,"5",-0.93352
134,"1",-1.14564
134,"2",-0.789546
134,"3",1.32033
134,"4",-0.232237
134,"5",-0.38955
135,"1",-1.28118
135,"2",-0.36267
135,"3",1.39003
135,"4",-0.427789
135,"5",-0.419079
136,"1",0.407624
136,"2",0.672849
136,"3",0.946856
136,"4",-1.15975
136,"5",0.809177
137,"1",1.5098
137,"2",-0.259467
137,"3",0.244211
137,"4",1.75069
137,"5",0.102419
138,"1",0.391229
138,"2",1.47989
138,"3",0.830429
138,"4",1.06745
138,"5",-0.0238648
139,"1",-0.0617328
139,"2",-1.14349
139,"3",0.381505
139,"4",0.350261
139,"5",-0.433682
140,"1",1.91312
140,"2",-0.0472002
140,"3",1.50543
140,"4",0.977349
140,"5",-0.69782
141,"1",-0.211081
141,"2",-0.322637
141,"3",0.857295
141,"4",-1.82603
141,"5",0.071562
142,"1",-0.358568
142,"2",-0.991636
142,"3",1.5949
142,"4",0.912589
142,"5",0.147854
143,"1",-0.430853
143,"2",-0.297957
143,"3",-0.912913
143,"4",0.67313
143,"5",-0.181318
144,"1",-0.0412385
144,"2",1.31465
144,"3",0.454312
144,"4",-0.314037
144,"5",-0.0574158
145,"1",1.2939
145,"2",-1.52885
145,"3",-0.164655
145,"4",-0.801164
145,"5",-0.841905
146,"1",0.710122
146,"2",0.676324
146,"3",0.288277
146,"4",0.895123
146,"5",1.98214
147,"1",0.10346
147,"2",-0.128365
147,"3",1.23501
147,"4",0.251827
147,"5",-1.81118
148,"1",0.346431
148,"2",-0.608296
148,"3",0.312531
148,"4",0.291785
148,"5",0.00556254
149,"1",-0.343956
149,"2",-1.14449
149,"3",-0.841978
149,"4",-0.377665
149,"5",1.57164
150,"1",-0.522779
150,"2",-0.216697
150,"3",-0.97253
150,"4",-0.389066
150,"5",0.404612
151,"1",0.235251
151,"2",0.347769
151,"3",0.635413
151,"4",1.74939
151,"5",0.435456
152,"1",1.80527
152,"2",-0.389041
152,"3",0.33505
152,"4",0.584254
152,"5",1.20428
153,"1",-0.182872
153,"2",-0.36943
153,"3",-1.93668
153,"4",-0.268352
153,"5",0.870213
154,"1",-0.20129
154,"2",-0.200645
154,"3",-0.00820319
154,"4",-0.235199
154,"5",-1.22934
155,"1",0.215451
155,"2",-0.240258
155,"3",-1.5793
155,"4",1.49062
155,"5",-0.541923
156,"1",-1.67835
156,"2",-0.334661
156,"3",-1.61252
156,"4",-0.0579897
156,"5",-0.0281727
157,"1",-0.296011
157,"2",1.00969
157,"3",0.075169
157,"4",0.881101
157,"5",-0.259516
158,"1",1.6324
158,"2",1.3545
158,"3",-0.516001
158,"4",0.672899
158,"5",0.0126699
159,"1",-0.849295
159,"2",-0.582029
159,"3",-1.21427
159,"4",-0.576071
159,"5",0.0332886
160,"1",1.67293
160,"2",1.10695
160,"3",-0.0273505
160,"4",-0.142569
160,"5",0.838597
161,"1",1.62485
161,"2",0.603821
161,"3",-1.25838
161,"4",1.81748
161,"5",-0.00299154
162,"1",-1.08106
162,"2",0.729484
162,"3",-0.531859
162,"4",0.210339
162,"5",0.364219
163,"1",-1.06282
163,"2",0.169091
163,"3",1.12427
163,"4",-1.04531
163,"5",0.135872
164,"1",-0.973928
164,"2",0.225164
164,"3",-0.0683454
164,"4",-0.909652
164,"5",-0.216801
165,"1",1.25125
165,"2",-2.73812
165,"3",1.58959
165,"4",-0.830425
165,"5",-0.413286
166,"1",-0.0264079
166,"2",-1.79147
166,"3",1.14969
166,"4",1.60824
166,"5",1.39816
167,"1",0.465966
167,"2",0.745177
167,"3",-0.393495
167,"4",-0.865551
167,"5",-0.795313
168,"1",-0.539208
168,"2",-0.542572
168,"3",-2.83613
168,"4",-0.544192
168,"5",-0.42207
169,"1",-2.76946
169,"2",0.435434
169,"3",-1.55053
169,"4",0.986931
169,"5",0.129003
170,"1",0.993455
170,"2",1.25631
170,"3",-0.129059
170,"4",0.826612
170,"5",-0.257347
171,"1",0.990705
171,"2",-1.16936
171,"3",0.800823
171,"4",1.71276
171,"5",2.42828
172,"1",-0.820701
172,"2",0.106802
172,"3",-1.10501
172,"4",-0.360073
172,"5",1.16184
173,"1",1.90255
173,"2",0.171235
173,"3",-1.08077
173,"4",0.681937
173,"5",1.23981
174,"1",-1.26748
174,"2",2.11048
174,"3",-0.362182
174,"4",0.312169
174,"5",-0.411088
175,"1",-0.629194
175,"2",1.53947
175,"3",0.568681
175,"4",0.396848
175,"5",0.681087
176,"1",0.826433
176,"2",-0.681636
176,"3",-2.20874
176,"4",-0.300611
176,"5",-1.13052
177,"1",-0.678237
177,"2",-0.335381
177,"3",-0.722866
177,"4",0.0142818
177,"5",-0.936271
178,"1",-0.167445
178,"2",-0.493484
178,"3",0.715115
178,"4",1.55939
178,"5",0.860108
179,"1",0.090084
179,"2",-0.156061
179,"3",-0.401586
179,"4",-1.35507
179,"5",0.134351
180,"1",-1.13495
180,"2",-0.43733
180,"3",-1.73512
180,"4",-0.330616
180,"5",-0.494648
181,"1",-0.0699464
181,"2",-0.180824
181,"3",1.63122
181,"4",-1.38392
181,"5",0.210428
182,"1",-0.229905
182,"2",0.429563
182,"3",0.263218
182,"4",0.677879
182,"5",-0.984781
183,"1",0.261162
183,"2",2.69162
183,"3",-0.377969
183,"4",-0.154255
183,"5",-0.692344
184,"1",1.01239
184,"2",1.00076
184,"3",-1.1367
184,"4",1.06244
184,"5",-0.372614
185,"1",-0.598408
185,"2",0.433821
185,"3",-0.620635
185,"4",-1.08108
185,"5",0.789658
186,"1",0.265988
186,"2",0.246148
186,"3",0.0853777
186,"4",-0.546744
186,"5",-0.344266
187,"1",0.2415
187,"2",-0.895514
187,"3",-0.675219
187,"4",0.731383
187,"5",-0.637953
188,"1",1.43269
188,"2",-0.953595
188,"3",-0.776225
188,"4",-2.42065
188,"5",-0.0230002
189,"1",1.84265
189,"2",-1.19934
189,"3",1.2022
189,"4",-0.705695
189,"5",2.4905
190,"1",-0.348748
190,"2",0.807518
190,"3",0.273345
190,"4",1.4493
190,"5",-1.14023
191,"1",-0.294895
191,"2",-0.728578
191,"3",-0.319453
191,"4",0.671315
191,"5",-0.531089
192,"1",-0.777477
192,"2",2.17765
192,"3",-0.178329
192,"4",-0.775557
192,"5",-0.0928312
193,"1",-0.249683
193,"2",1.56368
193,"3",-0.144213
193,"4",-0.406528
193,"5",2.79683
194,"1",0.0982128
194,"2",-0.126702
194,"3",0.33032
194,"4",-0.348846
194,"5",-0.438156
195,"1",0.210419
195,"2",-2.0112
195,"3",0.188375
195,"4",-1.52532
195,"5",0.369394
196,"1",-0.461318
196,"2",-1.42749
196,"3",0.25531
196,"4",-0.095757
196,"5",-0.70664
197,"1",-0.741488
197,"2",-0.699415
197,"3",0.118295
197,"4",0.307085
197,"5",0.0744213
198,"1",0.54302
198,"2",0.184769
198,"3",-2.30873
198,"4",-0.718874
198,"5",0.0456048
199,"1",1.11278
199,"2",2.11087
199,"3",0.0559117
199,"4",-1.26117
199,"5",0.758297
200,"1",0.602123
200,"2",-0.177392
200,"3",-0.630036
200,"4",-0.591451
200,"5",0.14398
201,"1",-1.00004
201,"2",-0.406259
201,"3",0.851897
201,"4",1.01241
201,"5",-0.5893
202,"1",0.940221
202,"2",-1.18984
202,"3",-0.955116
202,"4",0.416572
202,"5",0.239915
203,"1",0.347858
203,"2",1.66618
203,"3",-1.98123
203,"4",-0.947988
203,"5",-1.63234
204,"1",1.4881
204,"2",0.443967
204,"3",0.886612
204,"4",0.219157
204,"5",-0.084706
205,"1",0.646734
205,"2",-1.14106
205,"3",-0.427918
205,"4",0.674867
205,"5",-0.976808
206,"1",-0.401164
206,"2",-0.259351
206,"3",-0.53727
206,"4",-2.14552
206,"5",-1.18777
207,"1",-0.726671
207,"2",-1.22997
207,"3",-0.123329
207,"4",-1.70118
207,"5",-0.61531
208,"1",1.11427
208,"2",0.0470551
208,"3",0.619832
208,"4",-0.408707
208,"5",-0.811303
209,"1",-0.785968
209,"2",0.345127
209,"3",0.638256
209,"4",-1.75663
209,"5",1.70942
210,"1",-1.03836
210,"2",1.14364
210,"3",-0.734821
210,"4",-1.36585
210,"5",0.15433
211,"1",0.742192
211,"2",-0.496371
211,"3",0.0172141
211,"4",0.862114
211,"5",-1.29399
212,"1",-1.01963
212,"2",-0.555861
212,"3",1.56208
212,"4",1.95109
212,"5",-0.189431
213,"1",-0.686273
213,"2",0.290449
213,"3",-0.43363
213,"4",-0.548315
213,"5",-0.219309
214,"1",-0.314209
214,"2",-1.02963
214,"3",0.0309828
214,"4",-1.4696
214,"5",-0.340174
215,"1",-0.606617
215,"2",-1.35444
215,"3",-1.86421
215,"4",0.163565
215,"5",0.541563
216,"1",-0.0984326
216,"2",-0.764848
216,"3",-0.892067
216,"4",0.824687
216,"5",-0.863195
217,"1",0.186848
217,"2",0.509481
217,"3",-0.0692313
217,"4",0.547055
217,"5",-1.3527
218,"1",0.455776
218,"2",0.104671
218,"3",-1.9603
218,"4",-0.719537
218,"5",0.716164
219,"1",-0.972849
219,"2",0.501138
219,"3",1.1609
219,"4",0.0359523
219,"5",0.277109
220,"1",-1.74241
220,"2",-0.481599
220,"3",-0.160464
220,"4",1.1021
220,"5",-0.143177
221,"1",0.351686
221,"2",-0.567076
221,"3",1.8057
221,"4",0.0586011
221,"5",-0.0238938
222,"1",-0.75392
222,"2",1.24738
222,"3",-0.559615
222,"4",0.680236
222,"5",-0.319766
223,"1",1.46341
223,"2",-0.093185
223,"3",1.86057
223,"4",-0.654329
223,"5",-0.469493
224,"1",0.827215
224,"2",0.499869
224,"3",-0.295366
224,"4",0.493987
224,"5",-0.578745
225,"1",1.05045
225,"2",0.779805
225,"3",-1.54318
225,"4",0.187159
225,"5",-0.505333
226,"1",0.175137
226,"2",0.613593
226,"3",0.97805
226,"4",0.941353
226,"5",-1.31049
227,"1",-1.33654
227,"2",0.890348
227,"3",0.917074
227,"4",-0.22201
227,"5",-0.528559
228,"1",-1.14991
228,"2",1.00749
228,"3",1.1028
228,"4",-0.730889
228,"5",0.729647
229,"1",-1.14564
229,"2",1.17462
229,"3",-0.101162
229,"4",-1.1135
229,"5",0.901211
230,"1",-1.00513
230,"2",-1.60366
230,"3",-0.373247
230,"4",-0.817143
230,"5",1.07731
231,"1",0.264283
231,"2",-0.66627
231,"3",-1.33913
231,"4",-0.283465
231,"5",0.623468
232,"1",-0.675543
232,"2",1.47534
232,"3",0.336265
232,"4",1.00811
232,"5",0.260227
233,"1",-0.0601518
233,"2",0.852647
233,"3",-0.868248
233,"4",-0.273623
233,"5",0.496793
234,"1",-0.499583
234,"2",-0.207702
234,"3",-1.25227
234,"4",0.197068
234,"5",0.173421
235,"1",-0.454692
235,"2",0.29914
235,"3",0.573396
235,"4",0.0338561
235,"5",0.812855
236,"1",0.806788
236,"2",1.57703
236,"3",-1.13433
236,"4",-1.19226
236,"5",-2.56583
237,"1",0.114438
237,"2",0.962357
237,"3",0.991665
237,"4",0.64321
237,"5",0.0277805
238,"1",0.797625
238,"2",-0.740961
238,"3",-2.63138
238,"4",0.275042
238,"5",-1.03331
239,"1",-0.827147
239,"2",-1.0908
239,"3",-0.315031
239,"4",-0.0723465
239,"5",0.337275
240,"1",0.189445
240,"2",-0.238246
240,"3",0.174285
240,"4",1.62796
240,"5",-1.09858
241,"1",-1.90115
241,"2",-0.205679
241,"3",-0.906755
241,"4",-0.0565196
241,"5",0.397222
242,"1",2.43331
242,"2",-0.613711
242,"3",2.0222
242,"4",-0.806402
242,"5",0.206911
243,"1",-0.773351
243,"2",-0.336886
243,"3",1.01665
243,"4",0.14095
243,"5",-0.00969378
244,"1",-0.345201
244,"2",1.64568
244,"3",-0.529439
244,"4",2.64843
244,"5",-0.520899
245,"1",-0.623105
245,"2",0.213532
245,"3",0.405973
245,"4",0.137957
245,"5",-0.122142
246,"1",-2.25895
246,"2",0.471328
246,"3",1.94704
246,"4",0.889863
246,"5",0.124874
247,"1",0.409622
247,"2",-0.598377
247,"3",0.791122
247,"4",0.742754
247,"5",0.552912
248,"1",-1.56319
248,"2",-0.296755
248,"3",0.202903
248,"4",-1.53246
248,"5",0.530815
249,"1",0.281817
249,"2",0.347733
249,"3",1.74916
249,"4",0.229838
249,"5",-1.87141
250,"1",-0.866769
250,"2",-0.0252199
250,"3",0.310607
250,"4",-0.0908227
250,"5",-1.06868
251,"1",0.15129
251,"2",-1.34083
251,"3",0.500358
251,"4",-0.44769
251,"5",-0.787795
252,"1",1.279
252,"2",-0.963962
252,"3",0.407738
252,"4",2.1475
252,"5",0.722344
253,"1",-0.47632
253,"2",-0.246425
253,"3",-1.78588
253,"4",1.22763
253,"5",-0.331978
254,"1",0.325102
254,"2",0.293324
254,"3",0.171495
254,"4",1.09104
254,"5",0.962697
255,"1",-0.683428
255,"2",-0.62217
255,"3",-0.164059
255,"4",-0.449538
255,"5",-1.28923
256,"1",1.18992
256,"2",0.327785
256,"3",1.26074
256,"4",2.04176
256,"5",-0.655779
257,"1",-2.23947
257,"2",-0.212988
257,"3",1.31828
257,"4",-0.784987
257,"5",0.260449
258,"1",-1.7371
258,"2",-0.471038
258,"3",-0.370466
258,"4",-0.80516
258,"5",1.2041
259,"1",-1.07584
259,"2",1.00273
259,"3",-1.03041
259,"4",-0.249253
259,"5",0.539623
260,"1",1.3621
260,"2",-0.081418
260,"3",-0.871079
260,"4",-0.325794
260,"5",1.07072
261,"1",-0.162277
261,"2",0.333342
261,"3",-2.46258
261,"4",-0.802218
261,"5",1.32197
262,"1",1.32027
262,"2",-0.516376
262,"3",-0.305346
262,"4",0.425399
262,"5",0.0332026
263,"1",-1.88992
263,"2",-0.656589
263,"3",0.95395
263,"4",-0.717933
263,"5",1.05741
264,"1",-0.335671
264,"2",-0.54998
264,"3",-0.00952982
264,"4",0.169907
264,"5",0.361755
265,"1",1.30207
265,"2",0.715779
265,"3",0.692035
265,"4",-1.30098
265,"5",-0.293372
266,"1",-0.738673
266,"2",0.573819
266,"3",1.00172
266,"4",-1.66477
266,"5",0.816253
267,"1",-0.0801031
267,"2",-0.743133
267,"3",0.334024
267,"4",0.832565
267,"5",-1.43278
268,"1",0.516845
268,"2",-1.74263
268,"3",1.43759
268,"4",-1.17725
268,"5",0.769786
269,"1",-0.182382
269,"2",-0.146112
269,"3",-0.267328
269,"4",-0.104807
269,"5",0.613657
270,"1",0.478579
270,"2",-0.0152617
270,"3",-0.216635
270,"4",-2.07514
270,"5",-1.10966
271,"1",0.971981
271,"2",-0.187667
271,"3",-0.226714
271,"4",0.376682
271,"5",-0.924098
272,"1",0.296225
272,"2",-0.677125
272,"3",-0.238187
272,"4",-0.60247
272,"5",0.136717
273,"1",-0.212966
273,"2",-0.0770925
273,"3",0.678517
273,"4",-1.51677
273,"5",-0.123724
274,"1",-0.342095
274,"2",-1.89083
274,"3",-0.510452
274,"4",2.07796
274,"5",0.764815
275,"1",-0.0410205
275,"2",-0.823335
275,"3",-0.17917
275,"4",0.393615
275,"5",0.281116
276,"1",1.18949
276,"2",0.710053
276,"3",-0.165683
276,"4",-1.03745
276,"5",1.91088
277,"1",0.114113
277,"2",-1.34873
277,"3",0.977134
277,"4",0.409174
277,"5",0.464635
278,"1",0.0812663
278,"2",0.0101766
278,"3",0.693742
278,"4",0.0450017
278,"5",-0.903541
279,"1",-0.369682
279,"2",-0.357857
279,"3",0.602119
279,"4",0.969074
279,"5",-0.795599
280,"1",1.44148
280,"2",0.272007
280,"3",-0.162186
280,"4",0.512652
280,"5",-0.358165
281,"1",0.736544
281,"2",0.282913
281,"3",-1.83563
281,"4",1.31639
281,"5",-1.46459
282,"1",0.813043
282,"2",1.53842
282,"3",0.811219
282,"4",0.171386
282,"5",-1.75851
283,"1",1.32543
283,"2",0.255419
283,"3",0.483652
283,"4",-0.159101
283,"5",1.67225
284,"1",0.0734826
284,"2",0.721635
284,"3",0.637204
284,"4",0.97128
284,"5",-0.16408
285,"1",-0.429644
285,"2",0.444231
285,"3",1.42487
285,"4",0.479765
285,"5",1.15756
286,"1",0.17453
286,"2",-2.48938
286,"3",-0.852813
286,"4",0.425505
286,"5",-0.842782
287,"1",0.954883
287,"2",1.3766
287,"3",0.690914
287,"4",-1.21998
287,"5",0.721993
288,"1",2.49498
288,"2",1.09841
288,"3",1.24714
288,"4",0.173862
288,"5",-0.492742
289,"1",1.82411
289,"2",-0.226935
289,"3",1.3929
289,"4",-0.888591
289,"5",-0.419653
290,"1",0.161842
290,"2",-2.21328
290,"3",-0.378263
290,"4",1.77726
290,"5",0.153489
291,"1",-1.05915
291,"2",-0.499016
291,"3",0.495609
291,"4",-1.04894
291,"5",-0.25111
292,"1",0.317751
292,"2",-0.291178
292,"3",-0.468199
292,"4",-1.55889
292,"5",-0.105182
293,"1",0.374387
293,"2",-0.967891
293,"3",-0.395374
293,"4",0.259576
293,"5",1.16604
294,"1",1.59895
294,"2",0.00130081
294,"3",0.258886
294,"4",2.33598
294,"5",-0.0571155
295,"1",-0.749448
295,"2",0.00968766
295,"3",1.0081
295,"4",-0.294785
295,"5",0.415811
296,"1",0.112365
296,"2",0.621397
296,"3",1.23499
296,"4",-0.481721
296,"5",-0.0157089
297,"1",2.02144
297,"2",1.1246
297,"3",0.947292
297,"4",0.390701
297,"5",0.557123
298,"1",-0.143911
298,"2",-0.652321
298,"3",-0.612574
298,"4",0.924591
298,"5",-0.692572
299,"1",1.1296
299,"2",-0.308686
299,"3",0.0281528
299,"4",-0.00452102
299,"5",0.749917
300,"1",-2.15883
300,"2",0.110612
300,"3",2.41499
300,"4",2.088
300,"5",-0.772122
301,"1",-0.62146
301,"2",0.276667
301,"3",0.580236
301,"4",1.02314
301,"5",0.256456
302,"1",-1.30144
302,"2",-0.0266755
302,"3",1.6951
302,"4",-2.3058
302,"5",-0.575042
303,"1",-0.386302
303,"2",-0.819082
303,"3",-0.751985
303,"4",1.36183
303,"5",-1.07136
304,"1",-0.392737
304,"2",1.81179
304,"3",0.482977
304,"4",1.20044
304,"5",-1.72601
305,"1",-0.331664
305,"2",-1.05396
305,"3",-0.330126
305,"4",0.346548
305,"5",-0.321166
306,"1",0.162888
306,"2",-0.24789
306,"3",2.21332
306,"4",-1.17287
306,"5",0.121419
307,"1",1.66904
307,"2",0.746135
307,"3",-1.28454
307,"4",0.970963
307,"5",-0.278596
308,"1",0.96506
308,"2",0.152369
308,"3",-1.5835
308,"4",-0.36587
308,"5",-1.80501
309,"1",-0.364254
309,"2",-1.17844
309,"3",0.456925
309,"4",-2.45763
309,"5",-0.711467
310,"1",-0.0256888
310,"2",0.155801
310,"3",0.939069
310,"4",-0.849962
310,"5",-2.26427
311,"1",0.658934
311,"2",0.470306
311,"3",-0.33071
311,"4",0.0755011
311,"5",0.344737
312,"1",-0.519265
312,"2",0.330054
312,"3",0.512742
312,"4",1.17247
312,"5",1.6316
313,"1",0.118649
313,"2",-0.911315
313,"3",1.28195
313,"4",1.14007
313,"5",0.509025
314,"1",0.663846
314,"2",1.01404
314,"3",0.84448
314,"4",0.392298
314,"5",0.0654362
315,"1",0.511793
315,"2",0.391956
315,"3",-0.204952
315,"4",0.053109
315,"5",0.046735
316,"1",-0.502235
316,"2",-0.221795
316,"3",-0.491954
316,"4",-0.166569
316,"5",-0.618481
317,"1",-0.676133
317,"2",0.372299
317,"3",-1.55492
317,"4",-0.580836
317,"5",1.00291
318,"1",0.398686
318,"2",0.118083
318,"3",-0.588953
318,"4",-0.154312
318,"5",1.21754
319,"1",-2.37649
319,"2",-1.05409
319,"3",0.229006
319,"4",-0.352663
319,"5",-1.15646
320,"1",0.704359
320,"2",0.858289
320,"3",1.01068
320,"4",1.96818
320,"5",-1.92276
321,"1",-0.222946
321,"2",2.38548
321,"3",1.48465
321,"4",0.577061
321,"5",0.166893
322,"1",0.354433
322,"2",0.400156
322,"3",1.66173
322,"4",-0.19299
322,"5",-0.485487
323,"1",0.7862
323,"2",0.96292
323,"3",0.456029
323,"4",-0.118734
323,"5",-0.545765
324,"1",-0.531534
324,"2",1.24029
324,"3",-1.79904
324,"4",2.10338
324,"5",0.308733
325,"1",0.000180477
325,"2",0.136925
325,"3",-0.714241
325,"4",0.126946
325,"5",0.690379
326,"1",2.14713
326,"2",0.392979
326,"3",-1.53311
326,"4",-0.710642
326,"5",-1.26863
327,"1",0.725474
327,"2",-1.89386
327,"3",-0.543758
327,"4",-0.67504
327,"5",0.598373
328,"1",1.19747
328,"2",-1.28443
328,"3",-1.06438
328,"4",-0.818963
328,"5",0.601354
329,"1",-0.443853
329,"2",-1.44831
329,"3",-2.08295
329,"4",0.178725
329,"5",-0.193499
330,"1",0.401612
330,"2",1.14843
330,"3",0.184554
330,"4",-1.62946
330,"5",-1.27239
331,"1",0.284032
331,"2",-0.973878
331,"3",-0.171735
331,"4",0.719462
331,"5",1.90463
332,"1",-0.495084
332,"2",1.32072
332,"3",1.28961
332,"4",-0.673616
332,"5",0.74441
333,"1",-0.805132
333,"2",-0.466051
333,"3",1.50656
333,"4",0.0147131
333,"5",-0.901026
334,"1",-1.17062
334,"2",-2.17851
334,"3",-1.54466
334,"4",1.09323
334,"5",0.19166
335,"1",1.56302
335,"2",1.32044
335,"3",0.259798
335,"4",-1.42282
335,"5",-1.91791
336,"1",-0.756259
336,"2",0.627143
336,"3",0.624868
336,"4",-1.81984
336,"5",-1.44399
337,"1",-0.916272
337,"2",0.652928
337,"3",-0.260284
337,"4",1.11104
337,"5",-0.36686
338,"1",0.390804
338,"2",-1.15087
338,"3",-0.343511
338,"4",-0.480148
338,"5",1.18472
339,"1",-1.43831
339,"2",1.27533
339,"3",0.654861
339,"4",1.36541
339,"5",0.236598
340,"1",1.19561
340,"2",-1.18654
340,"3",0.773271
340,"4",1.00567
340,"5",0.466284
341,"1",1.62112
341,"2",0.602077
341,"3",1.45492
341,"4",1.22176
341,"5",0.201952
342,"1",0.697931
342,"2",0.888826
342,"3",-0.417255
342,"4",0.238263
342,"5",-0.88299
343,"1",1.14895
343,"2",-1.14061
343,"3",-1.05548
343,"4",-0.515148
343,"5",0.478504
344,"1",0.361215
344,"2",0.919754
344,"3",0.0517058
344,"4",0.923609
344,"5",-1.25866
345,"1",1.35723
345,"2",-2.15835
345,"3",0.0952121
345,"4",0.55258
345,"5",-0.589534
346,"1",-1.18286
346,"2",1.9021
346,"3",0.798127
346,"4",-0.271408
346,"5",0.028378
347,"1",-0.498493
347,"2",0.258286
347,"3",2.24632
347,"4",1.14826
347,"5",0.521137
348,"1",-0.0509737
348,"2",1.63283
348,"3",-0.65398
348,"4",-1.01882
348,"5",-0.838267
349,"1",-1.87095
349,"2",1.83214
349,"3",0.0633996
349,"4",0.177946
349,"5",0.548332
350,"1",1.20834
350,"2",-1.23632
350,"3",0.288163
350,"4",-1.22
350,"5",1.69207
351,"1",0.820771
351,"2",-0.274115
351,"3",2.64796
351,"4",1.18432
351,"5",0.354823
352,"1",0.306566
352,"2",-0.319728
352,"3",1.59717
352,"4",1.12078
352,"5",0.32962
353,"1",1.65366
353,"2",0.444597
353,"3",1.88512
353,"4",-1.1527
353,"5",0.432541
354,"1",-0.273248
354,"2",-0.583559
354,"3",-1.29808
354,"4",1.28604
354,"5",-0.47055
355,"1",-0.96967
355,"2",0.494663
355,"3",0.173648
355,"4",-0.605531
355,"5",-0.461885
356,"1",-0.735638
356,"2",1.52757
356,"3",1.94389
356,"4",0.744101
356,"5",1.13735
357,"1",0.0319085
357,"2",-1.04974
357,"3",-0.540823
357,"4",-0.0762567
357,"5",-0.198764
358,"1",0.47989
358,"2",-0.899998
358,"3",-0.977272
358,"4",0.816898
358,"5",-1.10018
359,"1",-0.834522
359,"2",-0.799623
359,"3",0.280264
359,"4",-0.944988
359,"5",0.130682
360,"1",1.25964
360,"2",-0.308201
360,"3",0.184973
360,"4",-1.18841
360,"5",-2.10197
361,"1",0.88867
361,"2",-0.189825
361,"3",0.431002
361,"4",1.6093
361,"5",-1.6738
362,"1",-0.39406
362,"2",1.15906
362,"3",0.269993
362,"4",-1.80413
362,"5",-1.03033
363,"1",-1.19395
363,"2",-0.290735
363,"3",-0.441712
363,"4",-0.390957
363,"5",-0.350041
364,"1",-0.257785
364,"2",-0.24779
364,"3",-0.37608
364,"4",0.119769
364,"5",1.07851
365,"1",-0.66544
365,"2",-0.58327
365,"3",-0.0851287
365,"4",-0.230102
365,"5",0.0255658
366,"1",-0.0290949
366,"2",-1.60927
366,"3",-0.926232
366,"4",-0.325838
366,"5",-0.718969
367,"1",-1.27431
367,"2",1.1332
367,"3",0.93718
367,"4",-0.160283
367,"5",0.742666
368,"1",0.356621
368,"2",1.33687
368,"3",2.29066
368,"4",1.99579
368,"5",0.499721
369,"1",0.506296
369,"2",0.473851
369,"3",-1.2165
369,"4",-0.307327
369,"5",-0.965514
370,"1",0.55699
370,"2",-0.476301
370,"3",2.08514
370,"4",-0.128121
370,"5",1.41056
371,"1",-3.22336
371,"2",-0.106951
371,"3",-0.0185026
371,"4",0.610991
371,"5",-0.626066
372,"1",0.947151
372,"2",1.05933
372,"3",-0.83451
372,"4",-1.17691
372,"5",-1.18882
373,"1",0.277546
373,"2",0.201553
373,"3",0.056219
373,"4",-0.756522
373,"5",0.551709
374,"1",0.603139
374,"2",-0.538389
374,"3",1.69479
374,"4",0.151763
374,"5",1.75927
375,"1",-1.20303
375,"2",-1.16663
375,"3",-1.03488
375,"4",-1.48888
375,"5",-0.759437
376,"1",-0.948232
376,"2",-0.670842
376,"3",-0.105055
376,"4",-0.565564
376,"5",0.611912
377,"1",1.62847
377,"2",-0.527783
377,"3",0.0291181
377,"4",1.97685
377,"5",-0.887268
378,"1",0.196619
378,"2",-0.0995119
378,"3",1.18929
378,"4",0.413259
378,"5",0.454202
379,"1",1.52515
379,"2",-0.413427
379,"3",-0.564783
379,"4",-0.915605
379,"5",-0.895514
380,"1",-0.651021
380,"2",1.36768
380,"3",0.646877
380,"4",-0.595526
380,"5",-1.37782
381,"1",-1.83273
381,"2",0.995537
381,"3",-0.224255
381,"4",-3.2656
381,"5",0.733147
382,"1",-0.65245
382,"2",2.39014
382,"3",-1.1904
382,"4",1.2477
382,"5",0.84974
383,"1",-1.81271
383,"2",1.32045
383,"3",0.826492
383,"4",0.298446
383,"5",1.02877
384,"1",-0.378239
384,"2",0.135751
384,"3",0.916381
384,"4",-0.546929
384,"5",-0.13045
385,"1",1.79935
385,"2",-0.0177303
385,"3",-0.736792
385,"4",1.62049
385,"5",-0.0475241
386,"1",-0.0340547
386,"2",-2.33588
386,"3",0.83444
386,"4",-0.429904
386,"5",-0.37955
387,"1",1.40124
387,"2",-0.316424
387,"3",0.0120782
387,"4",-0.541464
387,"5",-0.363432
388,"1",0.243383
388,"2",0.555489
388,"3",-0.208124
388,"4",0.686751
388,"5",0.294544
389,"1",-0.12888
389,"2",-1.89904
389,"3",0.222945
389,"4",-2.17586
389,"5",-0.987913
390,"1",0.0668553
390,"2",0.608703
390,"3",0.9896
390,"4",-0.960073
390,"5",-0.985701
391,"1",1.2464
391,"2",0.624749
391,"3",-0.640068
391,"4",-2.15108
391,"5",0.180078
392,"1",-0.290727
392,"2",-0.790745
392,"3",1.06738
392,"4",-0.195478
392,"5",-0.178034
393,"1",-0.124093
393,"2",-0.801242
393,"3",1.40913
393,"4",0.765556
393,"5",0.633003
394,"1",-1.38058
394,"2",0.762169
394,"3",0.808943
394,"4",-0.556652
394,"5",0.957491
395,"1",-0.950605
395,"2",-0.647551
395,"3",1.21023
395,"4",1.17719
395,"5",-1.48117
396,"1",-0.132838
396,"2",0.557104
396,"3",0.346739
396,"4",-0.588254
396,"5",0.660956
397,"1",1.44705
397,"2",-1.26825
397,"3",0.647695
397,"4",0.763858
397,"5",-0.358347
398,"1",-1.3824
398,"2",1.03674
398,"3",-0.237445
398,"4",-1.70516
398,"5",-0.00110597
399,"1",0.282139
399,"2",0.117837
399,"3",-0.749461
399,"4",-0.848798
399,"5",-0.263436
400,"1",0.00390793
400,"2",0.490366
400,"3",0.851182
400,"4",-1.6021
400,"5",-1.51057
401,"1",0.376289
401,"2",-1.76681
401,"3",-0.551688
401,"4",-0.30889
401,"5",1.77383
402,"1",-1.01572
402,"2",0.703564
402,"3",-1.69743
402,"4",0.597493
402,"5",1.93692
403,"1",-0.904127
403,"2",0.293786
403,"3",0.843482
403,"4",-0.98395
403,"5",-1.39835
404,"1",-0.379021
404,"2",-0.257049
404,"3",0.179947
404,"4",0.407669
404,"5",-1.92955
405,"1",-0.43124
405,"2",-0.05286
405,"3",-1.70365
405,"4",-1.81306
405,"5",-1.99447
406,"1",0.564108
406,"2",1.45847
406,"3",-0.932584
406,"4",-0.799205
406,"5",0.0163615
407,"1",-0.995602
407,"2",0.956764
407,"3",-0.648235
407,"4",1.17474
407,"5",-0.218107
408,"1",0.885784
408,"2",1.65568
408,"3",-0.0628001
408,"4",1.63134
408,"5",0.261853
409,"1",-0.367885
409,"2",1.08188
409,"3",0.0129866
409,"4",-0.845231
409,"5",-0.265806
410,"1",-1.35073
410,"2",0.261227
410,"3",-0.551272
410,"4",-0.167521
410,"5",-0.663786
411,"1",-0.958914
411,"2",-0.44139
411,"3",-0.60977
411,"4",0.698971
411,"5",1.70897
412,"1",0.397793
412,"2",0.633575
412,"3",-0.587874
412,"4",0.971208
412,"5",0.120499
413,"1",-0.33294
413,"2",0.24607
413,"3",-0.236525
413,"4",-1.31866
413,"5",1.69407
414,"1",-1.09419
414,"2",0.768446
414,"3",-0.364637
414,"4",-1.2368
414,"5",0.348944
415,"1",-0.57332
415,"2",-0.342435
415,"3",-0.870305
415,"4",0.733516
415,"5",-0.253046
416,"1",-1.08045
416,"2",-0.105403
416,"3",0.603686
416,"4",0.716608
416,"5",0.711729
417,"1",0.226674
417,"2",0.061612
417,"3",-1.19168
417,"4",-0.739829
417,"5",0.185206
418,"1",-1.26875
418,"2",0.882894
418,"3",-0.0615488
418,"4",-0.697182
418,"5",0.0928968
419,"1",-0.917141
419,"2",-0.0703868
419,"3",-0.80213
419,"4",2.22454
419,"5",-0.0866452
420,"1",-0.867163
420,"2",-1.05633
420,"3",1.33152
420,"4",-0.817223
420,"5",1.80574
421,"1",-1.30807
421,"2",0.805091
421,"3",-0.869169
421,"4",0.252705
421,"5",-0.651714
422,"1",-1.8112
422,"2",-0.607286
422,"3",1.73961
422,"4",1.13242
422,"5",0.00688132
423,"1",-0.986636
423,"2",0.173294
423,"3",0.253161
423,"4",-0.896418
423,"5",-0.317204
424,"1",-0.192716
424,"2",-0.574616
424,"3",-0.174439
424,"4",-0.429107
424,"5",-0.425877
425,"1",1.62966
425,"2",0.618505
425,"3",0.234694
425,"4",-0.63329
425,"5",-1.20435
426,"1",1.48338
426,"2",0.661197
426,"3",-0.213965
426,"4",0.580079
426,"5",0.270776
427,"1",-0.445188
427,"2",-0.0602194
427,"3",-0.390449
427,"4",-0.795171
427,"5",-0.876008
428,"1",0.750727
428,"2",-0.772869
428,"3",-0.259117
428,"4",-0.333272
428,"5",0.0304563
429,"1",-0.696208
429,"2",-1.6009
429,"3",-0.0611879
429,"4",0.154173
429,"5",-0.035313
430,"1",-1.43979
430,"2",-0.865737
430,"3",-0.497926
430,"4",-0.975688
430,"5",0.128878
431,"1",0.762747
431,"2",0.48824
431,"3",-0.904504
431,"4",-0.896939
431,"5",-2.14798
432,"1",-1.82392
432,"2",-2.18971
432,"3",1.51807
432,"4",-0.0318668
432,"5",1.44146
433,"1",0.816973
433,"2",1.16095
433,"3",1.28171
433,"4",-1.13631
433,"5",0.650093
434,"1",-0.33403
434,"2",-1.83692
434,"3",0.936024
434,"4",0.903346
434,"5",-0.698092
435,"1",-2.07906
435,"2",-0.293511
435,"3",0.193863
435,"4",-0.794347
435,"5",-0.211052
436,"1",0.396925
436,"2",0.0624818
436,"3",1.79524
436,"4",-1.91462
436,"5",0.40371
437,"1",-0.513489
437,"2",0.97182
437,"3",-0.0914641
437,"4",-1.87995
437,"5",-1.89132
438,"1",-0.472771
438,"2",-1.19126
438,"3",0.353597
438,"4",2.29862
438,"5",0.555718
439,"1",-0.976742
439,"2",0.475528
439,"3",0.458539
439,"4",1.20329
439,"5",-0.568305
440,"1",0.233115
440,"2",1.65699
440,"3",1.52343
440,"4",-0.0444764
440,"5",-0.254116
441,"1",0.468595
441,"2",0.203255
441,"3",0.785655
441,"4",0.326966
441,"5",-0.489198
442,"1",0.761397
442,"2",0.526885
442,"3",0.420062
442,"4",-1.07856
442,"5",-1.01806
443,"1",-2.33835
443,"2",1.25517
443,"3",0.0227858
443,"4",0.56609
443,"5",0.246127
444,"1",0.437598
444,"2",0.0399686
444,"3",0.0578886
444,"4",-0.787274
444,"5",1.03933
445,"1",0.368273
445,"2",0.350549
445,"3",-1.85162
445,"4",2.15698
445,"5",-0.211049
446,"1",-0.52839
446,"2",-0.265411
446,"3",-0.585737
446,"4",0.927144
446,"5",0.22756
447,"1",0.369496
447,"2",-0.527401
447,"3",0.56938
447,"4",0.0444307
447,"5",0.272319
448,"1",-0.674922
448,"2",-0.737862
448,"3",1.00317
448,"4",-0.692542
448,"5",-0.264061
449,"1",-0.509653
449,"2",0.213726
449,"3",0.86142
449,"4",-0.252701
449,"5",0.33435
450,"1",-0.885312
450,"2",-0.403103
450,"3",1.37753
450,"4",1.13063
450,"5",-1.66507
451,"1",1.52691
451,"2",-0.219623
451,"3",-0.715328
451,"4",0.32835
451,"5",0.124612
452,"1",0.542284
452,"2",-0.0868826
452,"3",-1.09114
452,"4",0.338308
452,"5",-0.655407
453,"1",0.723057
453,"2",0.135811
453,"3",-0.457478
453,"4",-0.206914
453,"5",0.781918
454,"1",0.412164
454,"2",0.286121
454,"3",-0.669571
454,"4",-0.544793
454,"5",-0.262308
455,"1",-0.269507
455,"2",-0.610948
455,"3",1.16154
455,"4",-0.582462
455,"5",-1.14054
456,"1",0.849642
456,"2",-0.219753
456,"3",-0.591678
456,"4",0.684815
456,"5",0.973851
457,"1",1.23385
457,"2",0.066563
457,"3",2.1725
457,"4",2.2144
457,"5",0.0455595
458,"1",-0.936576
458,"2",0.159122
458,"3",0.401722
458,"4",0.435975
458,"5",-0.411244
459,"1",0.760827
459,"2",0.152702
459,"3",0.447659
459,"4",0.985755
459,"5",1.06236
460,"1",-1.25793
460,"2",1.87102
460,"3",-1.02611
460,"4",1.49112
460,"5",0.0602531
461,"1",-1.20629
461,"2",-0.273033
461,"3",0.874775
461,"4",-0.497156
461,"5",0.56538
462,"1",-0.669379
462,"2",-1.21403
462,"3",-0.17903
462,"4",1.74191
462,"5",-1.73729
463,"1",-0.615186
463,"2",0.518413
463,"3",1.00961
463,"4",1.11269
463,"5",1.02014
464,"1",-0.149679
464,"2",0.204568
464,"3",0.379151
464,"4",0.751599
464,"5",0.56022
465,"1",0.326741
465,"2",0.391606
465,"3",-0.0988981
465,"4",-1.15883
465,"5",-0.448034
466,"1",0.974895
466,"2",0.72847
466,"3",-0.192976
466,"4",-0.625643
466,"5",0.453119
467,"1",0.557498
467,"2",1.05939
467,"3",0.128403
467,"4",0.384082
467,"5",0.857055
468,"1",-0.567989
468,"2",-0.395318
468,"3",-0.429008
468,"4",0.46169
468,"5",0.174988
469,"1",-0.0872314
469,"2",-1.9051
469,"3",0.814834
469,"4",1.28686
469,"5",-2.58965
470,"1",-0.0976818
470,"2",0.290942
470,"3",-0.337341
470,"4",0.0686093
470,"5",1.8586
471,"1",-0.766288
471,"2",0.0799357
471,"3",0.614866
471,"4",-1.67226
471,"5",-0.428338
472,"1",0.0312247
472,"2",1.32529
472,"3",-1.48881
472,"4",0.321086
472,"5",0.839792
473,"1",0.33834
473,"2",-0.742648
473,"3",-1.44241
473,"4",-0.182255
473,"5",1.74909
474,"1",1.63117
474,"2",1.43147
474,"3",0.265375
474,"4",0.15528
474,"5",0.875229
475,"1",1.14242
475,"2",0.00973815
475,"3",0.374269
475,"4",-0.0986616
475,"5",1.1366
476,"1",-1.0672
476,"2",-1.74445
476,"3",-0.83214
476,"4",0.385356
476,"5",-0.27159
477,"1",-1.39033
477,"2",0.933183
477,"3",-1.36833
477,"4",-0.472039
477,"5",-0.00373814
478,"1",0.00430498
478,"2",-2.97117
478,"3",-0.763755
478,"4",1.24431
478,"5",0.131859
479,"1",-0.672028
479,"2",1.71389
479,"3",-0.824301
479,"4",-1.62899
479,"5",0.560059
480,"1",0.30651
480,"2",0.509458
480,"3",-0.951939
480,"4",0.51724
480,"5",-0.682562
481,"1",1.01323
481,"2",0.285104
481,"3",1.19994
481,"4",-0.200679
481,"5",-1.77757
482,"1",-0.783799
482,"2",0.644455
482,"3",-0.573409
482,"4",-0.144577
482,"5",1.36525
483,"1",0.0720441
483,"2",0.695246
483,"3",-1.15936
483,"4",0.143587
483,"5",0.0356162
484,"1",0.440748
484,"2",0.656596
484,"3",-2.2498
484,"4",1.62985
484,"5",0.0180711
485,"1",0.636473
485,"2",-0.996159
485,"3",0.216844
485,"4",-0.918396
485,"5",0.0041147
486,"1",-0.610494
486,"2",0.41327
486,"3",0.214597
486,"4",-1.47183
486,"5",1.06173
487,"1",-2.04024
487,"2",0.366867
487,"3",-0.547682
487,"4",-0.186381
487,"5",0.596582
488,"1",0.209391
488,"2",1.17508
488,"3",-0.140674
488,"4",1.47221
488,"5",-1.07882
489,"1",-0.309463
489,"2",-1.14564
489,"3",-0.718647
489,"4",0.24973
489,"5",1.61224
490,"1",-0.995585
490,"2",0.301158
490,"3",-0.672085
490,"4",-2.2675
490,"5",0.062463
491,"1",0.666088
491,"2",-0.260846
491,"3",-0.8431
491,"4",1.15899
491,"5",-0.0131823
492,"1",0.573593
492,"2",-0.649857
492,"3",-1.07905
492,"4",0.00375888
492,"5",-1.89918
493,"1",0.346086
493,"2",0.733985
493,"3",-1.14008
493,"4",-1.07123
493,"5",0.613318
494,"1",-0.347865
494,"2",0.0603406
494,"3",-0.419473
494,"4",-1.47226
494,"5",1.69842
495,"1",1.54915
495,"2",-0.48428
495,"3",0.350094
495,"4",0.37776
495,"5",-0.717788
496,"1",0.632712
496,"2",1.01635
496,"3",0.408406
496,"4",-1.81767
496,"5",-0.281864
497,"1",2.63139
497,"2",-0.194278
497,"3",-0.0779469
497,"4",0.501334
497,"5",-0.769056
498,"1",-0.456818
498,"2",1.0378
498,"3",0.897288
498,"4",-0.260637
498,"5",0.244505
499,"1",0.234888
499,"2",-0.52799
499,"3",-1.56958
499,"4",0.71763
499,"5",-0.848319
500,"1",1.19112
500,"2",-0.424023
500,"3",-0.138563
500,"4",-2.24449
500,"5",-2.49898
501,"1",1.13627
501,"2",1.32645
501,"3",0.787752
501,"4",-0.27417
501,"5",1.80691
502,"1",0.255836
502,"2",0.822803
502,"3",-1.47373
502,"4",0.18603
502,"5",1.03088
503,"1",-1.32118
503,"2",1.0202
503,"3",0.73838
503,"4",-0.413099
503,"5",-0.151239
504,"1",0.496797
504,"2",0.891307
504,"3",0.0913046
504,"4",1.20599
504,"5",0.617822
505,"1",-0.688459
505,"2",0.580224
505,"3",-0.19981
505,"4",1.85037
505,"5",0.839695
506,"1",0.712831
506,"2",-0.339711
506,"3",-0.601497
506,"4",-0.208092
506,"5",-0.971675
507,"1",1.01005
507,"2",-0.246137
507,"3",-0.816205
507,"4",1.99047
507,"5",-0.193909
508,"1",1.63271
508,"2",-1.11376
508,"3",0.515083
508,"4",2.04022
508,"5",1.35913
509,"1",0.815355
509,"2",1.88768
509,"3",0.131324
509,"4",-0.438696
509,"5",1.13419
510,"1",2.08379
510,"2",-0.360794
510,"3",1.24696
510,"4",-1.11238
510,"5",0.148172
511,"1",-0.921292
511,"2",-0.178845
511,"3",1.02727
511,"4",-0.436892
511,"5",-0.838115
512,"1",-0.194036
512,"2",0.20591
512,"3",0.411604
512,"4",-0.169919
512,"5",-0.266566
513,"1",1.80948
513,"2",1.26961
513,"3",-1.1097
513,"4",0.26311
513,"5",-0.813856
514,"1",0.897404
514,"2",1.486
514,"3",-0.950916
514,"4",-0.793682
514,"5",0.024664
515,"1",1.23599
515,"2",0.0013687
515,"3",0.4555
515,"4",1.25475
515,"5",-0.746654
516,"1",0.406359
516,"2",0.240709
516,"3",1.01709
516,"4",0.592515
516,"5",0.342591
517,"1",0.878671
517,"2",0.121811
517,"3",-0.0684259
517,"4",0.140654
517,"5",-1.0311
518,"1",0.391712
518,"2",-0.101039
518,"3",-2.6902
518,"4",0.532808
518,"5",0.376351
519,"1",1.5827
519,"2",-2.05921
519,"3",-1.72912
519,"4",0.193716
519,"5",-1.12733
520,"1",-1.437
520,"2",-1.9072
520,"3",-0.826288
520,"4",-0.106916
520,"5",1.92536
521,"1",0.226811
521,"2",-3.81358
521,"3",-0.390476
521,"4",1.07826
521,"5",-0.128506
522,"1",0.848831
522,"2",-0.489369
522,"3",0.335557
522,"4",0.0735626
522,"5",0.484848
523,"1",0.211385
523,"2",0.203616
523,"3",1.74392
523,"4",1.87152
523,"5",-1.17194
524,"1",1.3916
524,"2",-0.34276
524,"3",-0.764862
524,"4",1.05632
524,"5",-0.153512
525,"1",-1.63319
525,"2",0.59103
525,"3",-0.0806365
525,"4",-0.630345
525,"5",-0.194265
526,"1",0.121307
526,"2",-0.18308
526,"3",0.293573
526,"4",1.48146
526,"5",-0.197185
527,"1",-2.51347
527,"2",0.166265
527,"3",-0.0850237
527,"4",0.120556
527,"5",-0.799771
528,"1",0.360008
528,"2",-1.61908
528,"3",0.259129
528,"4",0.296628
528,"5",-1.00996
529,"1",0.921484
529,"2",0.176404
529,"3",-1.14923
529,"4",0.287392
529,"5",2.57327
530,"1",0.874965
530,"2",-0.196926
530,"3",0.977296
530,"4",-1.46449
530,"5",0.531306
531,"1",-0.723524
531,"2",-0.0702934
531,"3",1.75882
531,"4",1.25253
531,"5",0.0823474
532,"1",-0.0487408
532,"2",1.28568
532,"3",-1.20429
532,"4",0.440612
532,"5",1.16502
533,"1",0.467942
533,"2",-1.56653
533,"3",0.883545
533,"4",-0.314302
533,"5",0.124787
534,"1",0.353527
534,"2",2.79446
534,"3",-0.0345427
534,"4",-0.753389
534,"5",0.345368
535,"1",-0.0434868
535,"2",-0.770488
535,"3",-1.21155
535,"4",1.99997
535,"5",-0.650777
536,"1",0.686405
536,"2",-1.21386
536,"3",-0.337011
536,"4",-0.389026
536,"5",-0.606247
537,"1",0.211669
537,"2",0.911239
537,"3",0.114979
537,"4",1.30989
537,"5",0.170419
538,"1",-1.48715
538,"2",-0.361502
538,"3",1.4015
538,"4",-0.0236362
538,"5",-0.0295008
539,"1",0.473834
539,"2",-1.91134
539,"3",0.541626
539,"4",0.316527
539,"5",2.21997
540,"1",-1.16739
540,"2",0.241271
540,"3",1.38981
540,"4",0.715971
540,"5",0.694454
541,"1",-0.682023
541,"2",-0.210152
541,"3",0.116427
541,"4",0.844853
541,"5",0.669192
542,"1",-0.229821
542,"2",0.03335
542,"3",0.693381
542,"4",0.490798
542,"5",0.492757
543,"1",-1.71912
543,"2",-0.97108
543,"3",0.268035
543,"4",-1.72838
543,"5",-0.149204
544,"1",1.09363
544,"2",0.744465
544,"3",-1.56328
544,"4",-0.714109
544,"5",-0.698528
545,"1",-0.306668
545,"2",0.36557
545,"3",0.760813
545,"4",0.192618
545,"5",1.09625
546,"1",0.330499
546,"2",1.06759
546,"3",0.152212
546,"4",0.438913
546,"5",1.25121
547,"1",-1.13561
547,"2",-1.14885
547,"3",-0.483854
547,"4",0.409543
547,"5",3.61908
548,"1",-0.391461
548,"2",0.833403
548,"3",-0.227723
548,"4",-0.808182
548,"5",0.6927
549,"1",-0.102978
549,"2",-1.78344
549,"3",-0.804226
549,"4",-1.30434
549,"5",-0.386152
550,"1",0.479923
550,"2",-0.688178
550,"3",-0.303015
550,"4",0.21643
550,"5",-1.37573
551,"1",0.800716
551,"2",-1.42229
551,"3",0.693794
551,"4",0.31915
551,"5",-0.991957
552,"1",-0.861684
552,"2",0.268248
552,"3",-0.0954711
552,"4",1.44586
552,"5",-0.207835
553,"1",0.403081
553,"2",-0.732158
553,"3",-0.579732
553,"4",-0.687254
553,"5",-1.1832
554,"1",-0.894677
554,"2",0.317528
554,"3",-0.21248
554,"4",0.631732
554,"5",-0.771749
555,"1",1.20212
555,"2",1.28768
555,"3",-0.0405734
555,"4",-0.494436
555,"5",0.0861123
556,"1",0.238813
556,"2",-1.36979
556,"3",-0.572054
556,"4",-1.22299
556,"5",0.744853
557,"1",0.626869
557,"2",-0.0693238
557,"3",-0.697543
557,"4",-0.266288
557,"5",-1.82114
558,"1",0.872099
558,"2",0.714594
558,"3",1.45313
558,"4",0.731987
558,"5",-0.37409
559,"1",-0.130919
559,"2",-1.91226
559,"3",1.35872
559,"4",-0.587352
559,"5",0.633218
560,"1",0.426161
560,"2",-1.22105
560,"3",0.912554
560,"4",0.834379
560,"5",-0.163304
561,"1",0.0174267
561,"2",-0.241686
561,"3",-2.20594
561,"4",1.30721
561,"5",-0.0534737
562,"1",1.54568
562,"2",0.215427
562,"3",-0.0838539
562,"4",0.824009
562,"5",1.09884
563,"1",-0.0875322
563,"2",1.23756
563,"3",-0.850503
563,"4",0.229327
563,"5",-0.680996
564,"1",0.474555
564,"2",-1.63376
564,"3",0.294765
564,"4",0.372899
564,"5",0.655619
565,"1",1.08554
565,"2",-0.00720522
565,"3",-0.773363
565,"4",1.60357
565,"5",-1.28372
566,"1",0.567325
566,"2",0.683485
566,"3",-0.445206
566,"4",0.8213
566,"5",1.08227
567,"1",1.28169
567,"2",-0.0339855
567,"3",-1.78018
567,"4",-0.625527
567,"5",1.25773
568,"1",0.258841
568,"2",-0.805366
568,"3",0.328313
568,"4",1.47777
568,"5",-1.27109
569,"1",0.595569
569,"2",-1.6167
569,"3",-0.368931
569,"4",0.186596
569,"5",0.634691
570,"1",-0.739589
570,"2",-0.354902
570,"3",0.414095
570,"4",1.17926
570,"5",-1.57314
571,"1",0.0836327
571,"2",0.743809
571,"3",0.722625
571,"4",1.60336
571,"5",-0.285444
572,"1",1.03796
572,"2",-0.877417
572,"3",-0.820663
572,"4",-0.448393
572,"5",-0.0218165
573,"1",-0.255221
573,"2",1.91156
573,"3",-1.61158
573,"4",-0.974209
573,"5",0.868616
574,"1",-0.446324
574,"2",-1.16871
574,"3",0.168195
574,"4",0.115606
574,"5",0.696158
575,"1",0.15991
575,"2",-1.43525
575,"3",-0.224993
575,"4",0.539661
575,"5",1.25646
576,"1",0.3849
576,"2",-1.41759
576,"3",-0.0548156
576,"4",0.655683
576,"5",-0.653056
577,"1",0.984614
577,"2",0.025865
577,"3",1.55482
577,"4",0.697564
577,"5",-0.602
578,"1",0.61701
578,"2",2.58711
578,"3",-0.665518
578,"4",-0.893144
578,"5",1.06163
579,"1",0.129063
579,"2",-0.110192
579,"3",1.8559
579,"4",0.0364927
579,"5",0.0225597
580,"1",-0.80231
580,"2",-0.576513
580,"3",0.690533
580,"4",0.977635
580,"5",0.383759
581,"1",0.218979
581,"2",0.849774
581,"3",-1.94914
581,"4",0.680842
581,"5",-0.485577
582,"1",0.00958842
582,"2",0.117831
582,"3",-0.795619
582,"4",-1.15546
582,"5",-1.93952
583,"1",-0.20265
583,"2",0.99627
583,"3",-1.32921
583,"4",-1.37953
583,"5",-0.905576
584,"1",-1.41896
584,"2",1.43017
584,"3",0.425148
584,"4",-0.113561
584,"5",-0.81521
585,"1",0.248951
585,"2",0.676071
585,"3",-0.790677
585,"4",0.187453
585,"5",-0.0850224
586,"1",0.715736
586,"2",1.3608
586,"3",0.100058
586,"4",1.12143
586,"5",0.469819
587,"1",-0.36927
587,"2",-0.099664
587,"3",-0.450137
587,"4",0.601882
587,"5",-0.41067
588,"1",-1.3599
588,"2",1.58156
588,"3",2.79516
588,"4",-0.0171274
588,"5",1.10208
589,"1",-1.34955
589,"2",-0.999984
589,"3",0.052782
589,"4",0.647393
589,"5",1.52049
590,"1",-0.835826
590,"2",-1.11058
590,"3",-1.09072
590,"4",0.05735
590,"5",0.887989
591,"1",-0.080923
591,"2",0.370453
591,"3",1.58492
591,"4",-0.669064
591,"5",-0.0804825
592,"1",-0.830158
592,"2",-1.50644
592,"3",-1.01432
592,"4",0.056185
592,"5",1.46028
593,"1",0.341246
593,"2",0.503923
593,"3",-0.176422
593,"4",0.924571
593,"5",0.467879
594,"1",-0.966593
594,"2",-0.671836
594,"3",-0.26926
594,"4",-0.0935272
594,"5",0.311814
595,"1",-0.366878
595,"2",-1.37104
595,"3",-1.64662
595,"4",-0.155719
595,"5",0.458858
596,"1",1.93322
596,"2",0.59671
596,"3",-0.923625
596,"4",0.633524
596,"5",-0.391823
597,"1",-0.468569
597,"2",-2.48107
597,"3",0.303191
597,"4",1.51454
597,"5",0.236299
598,"1",2.85415
598,"2",1.38825
598,"3",-0.778234
598,"4",-1.47893
598,"5",-0.994365
599,"1",0.190397
599,"2",0.597918
599,"3",-1.22963
599,"4",1.43902
599,"5",0.0549929
600,"1",-0.226033
600,"2",-2.30692
600,"3",-0.384852
600,"4",-1.10087
600,"5",-0.230467
601,"1",0.845899
601,"2",0.0682702
601,"3",-1.00428
601,"4",0.64121
601,"5",-1.1156
602,"1",-0.152409
602,"2",-1.00202
602,"3",-0.375847
602,"4",-0.159425
602,"5",-0.422361
603,"1",-0.389478
603,"2",-0.616353
603,"3",0.224467
603,"4",-1.05667
603,"5",2.32096
604,"1",-1.22132
604,"2",0.632972
604,"3",-0.612084
604,"4",-0.362828
604,"5",-0.896205
605,"1",-0.850311
605,"2",1.52816
605,"3",0.117765
605,"4",-2.44575
605,"5",-0.341506
606,"1",-0.0987069
606,"2",-1.96853
606,"3",0.448192
606,"4",0.608935
606,"5",-0.2873
607,"1",0.478407
607,"2",0.526565
607,"3",-1.97079
607,"4",0.788767
607,"5",-0.297057
608,"1",0.48288
608,"2",1.44615
608,"3",0.590087
608,"4",0.727377
608,"5",2.33902
609,"1",0.288162
609,"2",-2.80349
609,"3",1.48077
609,"4",0.37518
609,"5",0.213335
610,"1",-1.26629
610,"2",2.01215
610,"3",0.285954
610,"4",0.415805
610,"5",0.184715
611,"1",-1.6343
611,"2",0.236623
611,"3",-0.790358
611,"4",1.26289
611,"5",0.501843
612,"1",-0.844549
612,"2",1.64641
612,"3",-0.502769
612,"4",-0.586887
612,"5",-1.29126
613,"1",0.0655402
613,"2",0.850748
613,"3",0.0179502
613,"4",-0.0437035
613,"5",0.682443
614,"1",-0.485965
614,"2",-1.3395
614,"3",-0.471586
614,"4",1.42679
614,"5",0.507331
615,"1",0.476673
615,"2",0.301954
615,"3",-0.142965
615,"4",0.990137
615,"5",1.13377
616,"1",1.05461
616,"2",-0.64064
616,"3",0.401103
616,"4",-0.308506
616,"5",-0.823913
617,"1",0.86547
617,"2",-0.339075
617,"3",0.283644
617,"4",-1.1808
617,"5",0.4524
618,"1",-0.670375
618,"2",-0.890799
618,"3",-1.83339
618,"4",-2.75657
618,"5",-2.49335
619,"1",-0.716538
619,"2",-0.915716
619,"3",-0.129519
619,"4",0.0140528
619,"5",0.417803
620,"1",0.0814888
620,"2",-1.81444
620,"3",-1.19511
620,"4",2.44749
620,"5",-0.600627
621,"1",2.24598
621,"2",-0.0615522
621,"3",0.431127
621,"4",0.451272
621,"5",-0.694554
622,"1",-0.26467
622,"2",1.00738
622,"3",0.251577
622,"4",1.29906
622,"5",0.436653
623,"1",0.675009
623,"2",1.4862
623,"3",-1.71624
623,"4",-0.966818
623,"5",-0.10335
624,"1",-0.0983728
624,"2",0.0909546
624,"3",-0.135759
624,"4",-1.30672
624,"5",-1.76714
625,"1",0.0492185
625,"2",-1.18939
625,"3",0.0438493
625,"4",-0.0543568
625,"5",-1.03077
626,"1",-0.904312
626,"2",-0.595398
626,"3",0.758803
626,"4",0.929497
626,"5",0.974827
627,"1",1.16062
627,"2",-2.19676
627,"3",0.0556669
627,"4",-0.297802
627,"5",1.31852
628,"1",0.444205
628,"2",-0.444543
628,"3",-1.42242
628,"4",0.445728
628,"5",1.88911
629,"1",0.325041
629,"2",-0.706203
629,"3",-0.699345
629,"4",-2.11148
629,"5",-1.41197
630,"1",0.987486
630,"2",-1.04436
630,"3",1.27152
630,"4",-0.219676
630,"5",-1.1029
631,"1",-0.402869
631,"2",0.954228
631,"3",0.662362
631,"4",0.364957
631,"5",-0.4521
632,"1",-0.0391704
632,"2",-0.0893696
632,"3",-0.286697
632,"4",0.573388
632,"5",-2.53522
633,"1",2.38708
633,"2",0.432267
633,"3",1.05437
633,"4",1.02609
633,"5",2.02704
634,"1",2.01286
634,"2",0.275718
634,"3",0.101811
634,"4",0.391312
634,"5",-0.418158
635,"1",-0.0558685
635,"2",-0.400885
635,"3",0.241189
635,"4",-0.664399
635,"5",-0.642676
636,"1",0.349271
636,"2",-0.391014
636,"3",0.0688572
636,"4",-0.784855
636,"5",1.24241
637,"1",0.55822
637,"2",0.793121
637,"3",0.294332
637,"4",-0.109683
637,"5",0.0661007
638,"1",-1.16069
638,"2",0.905746
638,"3",1.33289
638,"4",-0.238909
638,"5",1.39351
639,"1",-0.627714
639,"2",-0.173925
639,"3",0.809471
639,"4",-1.18523
639,"5",0.0766568
640,"1",-0.106451
640,"2",1.26073
640,"3",-0.029757
640,"4",0.23563
640,"5",0.204713
641,"1",2.37033
641,"2",0.536175
641,"3",-0.874774
641,"4",0.983243
641,"5",0.0337911
642,"1",-0.452361
642,"2",0.929568
642,"3",0.329367
642,"4",1.41233
642,"5",0.958845
643,"1",0.025515
643,"2",0.00159144
643,"3",1.14603
643,"4",-0.385165
643,"5",-1.33218
644,"1",-0.845611
644,"2",0.135899
644,"3",-0.553897
644,"4",1.08405
644,"5",0.991108
645,"1",1.40414
645,"2",2.09388
645,"3",0.795192
645,"4",0.0775585
645,"5",-0.172247
646,"1",-0.772951
646,"2",-1.22268
646,"3",0.928542
646,"4",1.03672
646,"5",-1.5178
647,"1",-1.33677
647,"2",0.950706
647,"3",0.754811
647,"4",-1.78852
647,"5",1.51051
648,"1",0.00125161
648,"2",0.601299
648,"3",0.604396
648,"4",0.790675
648,"5",0.0318966
649,"1",-1.23045
649,"2",2.10446
649,"3",1.23208
649,"4",0.16547
649,"5",-0.402701
650,"1",0.73956
650,"2",0.166006
650,"3",0.257078
650,"4",1.28834
650,"5",0.298472
651,"1",-0.0369525
651,"2",-1.08395
651,"3",0.856913
651,"4",-0.758974
651,"5",0.159679
652,"1",0.0759302
652,"2",-0.795213
652,"3",-0.634034
652,"4",-0.589992
652,"5",-1.39794
653,"1",-0.743317
653,"2",-0.309012
653,"3",-1.24443
653,"4",-0.900546
653,"5",-1.15806
654,"1",-0.453231
654,"2",1.59469
654,"3",1.49028
654,"4",-0.0393249
654,"5",-1.34551
655,"1",0.280118
655,"2",1.27397
655,"3",-0.464329
655,"4",-1.47208
655,"5",1.39902
656,"1",0.0254328
656,"2",-0.012884
656,"3",0.501808
656,"4",-0.329557
656,"5",-0.634049
657,"1",1.25276
657,"2",-0.532623
657,"3",-0.633118
657,"4",0.44113
657,"5",1.58719
658,"1",-1.20065
658,"2",0.449496
658,"3",-1.8084
658,"4",-1.85082
658,"5",-1.34734
659,"1",-0.209654
659,"2",1.34333
659,"3",0.634821
659,"4",0.420404
659,"5",0.0253911
660,"1",0.653603
660,"2",0.560403
660,"3",0.498241
660,"4",0.509721
660,"5",-1.14182
661,"1",-1.97484
661,"2",0.0657031
661,"3",-0.922229
661,"4",0.784435
661,"5",0.362248
662,"1",-0.657868
662,"2",-0.0201859
662,"3",1.25503
662,"4",1.00568
662,"5",0.682489
663,"1",0.832998
663,"2",0.919723
663,"3",0.298996
663,"4",1.13045
663,"5",-1.35919
664,"1",-2.35767
664,"2",0.280324
664,"3",-1.7446
664,"4",0.157599
664,"5",0.862391
665,"1",-0.293368
665,"2",0.611587
665,"3",-0.168454
665,"4",-0.297098
665,"5",-1.23704
666,"1",-0.570464
666,"2",-0.697605
666,"3",-1.44111
666,"4",-0.164353
666,"5",0.0511257
667,"1",-0.626762
667,"2",-0.016714
667,"3",1.03492
667,"4",-1.07438
667,"5",1.35745
668,"1",0.509324
668,"2",-1.22683
668,"3",0.612908
668,"4",0.799519
668,"5",0.710682
669,"1",-1.1649
669,"2",-0.330755
669,"3",-1.49936
669,"4",-0.353031
669,"5",0.274286
670,"1",-1.27632
670,"2",-0.281713
670,"3",-0.585967
670,"4",1.45529
670,"5",-0.883601
671,"1",-0.667306
671,"2",-0.210454
671,"3",0.886069
671,"4",1.40368
671,"5",0.0903586
672,"1",0.252346
672,"2",0.100702
672,"3",-0.0848652
672,"4",0.877833
672,"5",0.40464
673,"1",0.811909
673,"2",-1.02583
673,"3",-0.964404
673,"4",-0.0629046
673,"5",0.0633864
674,"1",-0.251125
674,"2",-0.232592
674,"3",0.93022
674,"4",1.85432
674,"5",-1.27526
675,"1",-1.07993
675,"2",0.364547
675,"3",0.564492
675,"4",0.0197078
675,"5",-0.297157
676,"1",-0.871171
676,"2",-0.561998
676,"3",-0.597476
676,"4",1.66214
676,"5",0.520687
677,"1",-0.395313
677,"2",1.592
677,"3",1.31036
677,"4",1.85437
677,"5",-0.715976
678,"1",-0.41173
678,"2",1.79985
678,"3",0.813567
678,"4",-0.218948
678,"5",0.990338
679,"1",-0.20039
679,"2",0.566338
679,"3",-0.957153
679,"4",2.2925
679,"5",-0.200618
680,"1",0.631698
680,"2",-2.5807
680,"3",-0.217944
680,"4",-1.60843
680,"5",-0.115158
681,"1",2.88021
681,"2",0.80779
681,"3",-0.00336502
681,"4",0.137017
681,"5",-0.516114
682,"1",-1.20288
682,"2",0.706738
682,"3",2.15049
682,"4",-2.31125
682,"5",-1.3116
683,"1",0.0498901
683,"2",1.42866
683,"3",-1.27434
683,"4",0.690741
683,"5",0.921132
684,"1",1.54272
684,"2",1.71955
684,"3",-1.02753
684,"4",-0.8452
684,"5",0.312786
685,"1",0.875022
685,"2",-0.0841491
685,"3",-0.589639
685,"4",-0.182852
685,"5",-0.282245
686,"1",-0.776952
686,"2",-0.023796
686,"3",0.09424
686,"4",-0.0706566
686,"5",1.53044
687,"1",-0.489874
687,"2",0.156834
687,"3",-0.0878821
687,"4",-1.04524
687,"5",0.647982
688,"1",-0.402729
688,"2",0.0471004
688,"3",-0.312957
688,"4",0.107811
688,"5",1.46481
689,"1",0.110843
689,"2",-1.73019
689,"3",0.419638
689,"4",-0.705574
689,"5",2.46124
690,"1",-0.285263
690,"2",-1.4343
690,"3",-0.716452
690,"4",0.251296
690,"5",-0.203724
691,"1",-0.162286
691,"2",-0.740749
691,"3",0.498523
691,"4",0.3815
691,"5",-0.823067
692,"1",0.817054
692,"2",-0.0301314
692,"3",1.28694
692,"4",0.0294847
692,"5",-1.9112
693,"1",-0.553367
693,"2",-2.50643
693,"3",0.72839
693,"4",-0.0392581
693,"5",0.121743
694,"1",-1.0849
694,"2",0.78283
694,"3",-1.51243
694,"4",-0.796738
694,"5",-0.641604
695,"1",-0.596958
695,"2",0.282982
695,"3",-1.24373
695,"4",0.788001
695,"5",-0.745599
696,"1",-0.113564
696,"2",-0.699221
696,"3",-0.290686
696,"4",1.61407
696,"5",-1.33406
697,"1",-1.55228
697,"2",-2.31789
697,"3",-0.086337
697,"4",1.46062
697,"5",0.612826
698,"1",-0.578043
698,"2",-1.31975
698,"3",-0.256503
698,"4",-1.20272
698,"5",0.361287
699,"1",0.892217
699,"2",0.417236
699,"3",0.0911433
699,"4",0.00850841
699,"5",0.319292
700,"1",-0.11566
700,"2",1.80697
700,"3",-1.13477
700,"4",-0.430755
700,"5",-0.200777
701,"1",0.0357717
701,"2",-0.465811
701,"3",1.92722
701,"4",0.169572
701,"5",-0.927551
702,"1",1.19414
702,"2",0.943959
702,"3",1.17367
702,"4",1.14782
702,"5",-1.60514
703,"1",0.51634
703,"2",1.08799
703,"3",-1.1733
703,"4",0.964626
703,"5",-1.49324
704,"1",-0.579279
704,"2",-0.159625
704,"3",-2.15113
704,"4",-0.919967
704,"5",1.13763
705,"1",0.939115
705,"2",1.3411
705,"3",-1.58511
705,"4",-1.49418
705,"5",2.95373
706,"1",-0.307687
706,"2",-1.49124
706,"3",-1.42305
706,"4",-0.917622
706,"5",-0.71664
707,"1",0.292472
707,"2",1.10996
707,"3",-1.96583
707,"4",-1.16443
707,"5",-0.153147
708,"1",-0.226948
708,"2",0.951167
708,"3",-0.16655
708,"4",0.0853402
708,"5",0.0241269
709,"1",-0.573044
709,"2",-0.592636
709,"3",-1.29811
709,"4",0.0218546
709,"5",0.569076
710,"1",0.90843
710,"2",0.666125
710,"3",1.11372
710,"4",0.534887
710,"5",0.490802
711,"1",0.0535766
711,"2",-1.36991
711,"3",-1.18308
711,"4",0.0580417
711,"5",-0.0725274
712,"1",1.4552
712,"2",-0.610044
712,"3",1.44986
712,"4",0.809934
712,"5",-0.377815
713,"1",-0.66613
713,"2",-1.00441
713,"3",-0.109477
713,"4",0.604107
713,"5",-0.614261
714,"1",1.82044
714,"2",1.56548
714,"3",-0.862951
714,"4",-1.77866
714,"5",-0.312286
715,"1",0.583215
715,"2",-1.07655
715,"3",0.643823
715,"4",1.061
715,"5",-0.422238
716,"1",-0.726028
716,"2",1.14357
716,"3",0.0321143
716,"4",0.313944
716,"5",0.996149
717,"1",1.25739
717,"2",-0.620251
717,"3",1.94382
717,"4",-2.50802
717,"5",0.449521
718,"1",0.604886
718,"2",0.0496381
718,"3",0.0533262
718,"4",0.541892
718,"5",0.206945
719,"1",-0.101152
719,"2",-0.724431
719,"3",-0.138049
719,"4",-0.251587
719,"5",1.68407
720,"1",0.658494
720,"2",0.0155052
720,"3",-1.06318
720,"4",-0.779224
720,"5",0.139688
721,"1",-1.67281
721,"2",-0.283749
721,"3",0.105364
721,"4",-0.992387
721,"5",-0.571301
722,"1",0.49546
722,"2",-0.0719444
722,"3",-0.643561
722,"4",0.643444
722,"5",0.875453
723,"1",0.854821
723,"2",-1.35425
723,"3",0.506892
723,"4",1.66516
723,"5",0.0215257
724,"1",0.383726
724,"2",0.289071
724,"3",0.592444
724,"4",-0.773315
724,"5",-0.204304
725,"1",-0.423215
725,"2",0.515965
725,"3",1.30248
725,"4",-0.955312
725,"5",-0.0822743
726,"1",0.359846
726,"2",-0.707424
726,"3",1.3278
726,"4",-0.971193
726,"5",1.90806
727,"1",-0.17175
727,"2",0.407319
727,"3",0.337915
727,"4",-0.362079
727,"5",1.2813
728,"1",-2.21227
728,"2",0.0128164
728,"3",0.263339
728,"4",-1.24526
728,"5",-1.76143
729,"1",0.166697
729,"2",-1.29434
729,"3",1.41255
729,"4",1.04199
729,"5",1.11845
730,"1",1.22397
730,"2",0.384795
730,"3",0.963226
730,"4",0.308458
730,"5",1.42893
731,"1",1.26679
731,"2",1.24359
731,"3",0.185218
731,"4",0.257203
731,"5",0.241847
732,"1",1.25857
732,"2",-1.36543
732,"3",-0.860002
732,"4",0.12961
732,"5",1.36784
733,"1",0.267894
733,"2",-0.65333
733,"3",-0.728634
733,"4",-0.182427
733,"5",0.378092
734,"1",0.791937
734,"2",0.400025
734,"3",0.286494
734,"4",-0.320372
734,"5",0.109473
735,"1",1.41015
735,"2",0.394173
735,"3",1.19043
735,"4",-0.00861813
735,"5",-0.249524
736,"1",-1.38639
736,"2",-0.369356
736,"3",-1.16858
736,"4",1.42172
736,"5",1.23618
737,"1",0.387105
737,"2",-0.416499
737,"3",0.275402
737,"4",0.155354
737,"5",-1.17636
738,"1",1.75946
738,"2",-0.553229
738,"3",0.807231
738,"4",0.431796
738,"5",0.138605
739,"1",0.794021
739,"2",1.76061
739,"3",-1.38271
739,"4",-0.508188
739,"5",0.413939
740,"1",-0.908899
740,"2",-0.816986
740,"3",-0.0119404
740,"4",-0.720131
740,"5",-0.818654
741,"1",0.184311
741,"2",-2.82325
741,"3",1.61072
741,"4",1.55701
741,"5",-0.21444
742,"1",0.359506
742,"2",0.942425
742,"3",0.550891
742,"4",0.372313
742,"5",0.614555
743,"1",-1.06272
743,"2",-0.544477
743,"3",0.629156
743,"4",1.07932
743,"5",1.56453
744,"1",-0.160799
744,"2",0.660086
744,"3",0.23268
744,"4",-0.32806
744,"5",0.0134217
745,"1",1.75092
745,"2",1.33506
745,"3",-0.583807
745,"4",1.02399
745,"5",-2.11085
746,"1",-2.06493
746,"2",-0.47925
746,"3",-0.902382
746,"4",1.96608
746,"5",1.47049
747,"1",-1.17612
747,"2",-1.57613
747,"3",2.07042
747,"4",-0.234059
747,"5",0.708447
748,"1",-0.750734
748,"2",0.834278
748,"3",0.257032
748,"4",0.256848
748,"5",0.309861
749,"1",-0.554141
749,"2",2.77025
749,"3",-0.648583
749,"4",0.165268
749,"5",-0.364853
750,"1",-1.6385
750,"2",-1.07104
750,"3",-0.176071
750,"4",-2.05103
750,"5",-0.339416
751,"1",-0.88235
751,"2",-1.34297
751,"3",0.577295
751,"4",-0.60761
751,"5",-0.475974
752,"1",0.147897
752,"2",0.719861
752,"3",-0.00812754
752,"4",-1.4515
752,"5",0.382217
753,"1",0.59622
753,"2",0.689665
753,"3",-1.34962
753,"4",-1.64755
753,"5",1.12529
754,"1",-0.0190467
754,"2",1.23921
754,"3",0.181101
754,"4",-0.118967
754,"5",1.5732
755,"1",-0.371259
755,"2",-1.58992
755,"3",0.471608
755,"4",0.080252
755,"5",-1.46307
756,"1",-0.228097
756,"2",-0.20102
756,"3",0.302053
756,"4",-0.202143
756,"5",0.887854
757,"1",-0.78491
757,"2",-0.101329
757,"3",2.01066
757,"4",2.06558
757,"5",1.09826
758,"1",-0.45149
758,"2",0.807482
758,"3",0.499875
758,"4",0.301266
758,"5",-1.63609
759,"1",-0.749704
759,"2",-0.390808
759,"3",1.32002
759,"4",-1.40881
759,"5",-0.294518
760,"1",-0.590088
760,"2",0.19658
760,"3",-0.747844
760,"4",-0.208796
760,"5",-0.372329
761,"1",-0.974301
761,"2",-0.626555
761,"3",-1.71641
761,"4",-0.631451
761,"5",-0.0208223
762,"1",0.678
762,"2",0.754572
762,"3",0.31252
762,"4",0.145837
762,"5",0.403499
763,"1",0.158723
763,"2",-0.200542
763,"3",-0.149366
763,"4",-0.586488
763,"5",-0.288122
764,"1",1.70557
764,"2",2.5438
764,"3",0.631501
764,"4",1.66447
764,"5",1.48119
765,"1",-0.884538
765,"2",1.76896
765,"3",-2.45461
765,"4",-1.01922
765,"5",0.68295
766,"1",-0.360065
766,"2",1.1502
766,"3",-0.315433
766,"4",-0.933324
766,"5",1.20279
767,"1",0.653136
767,"2",-1.13484
767,"3",-0.250595
767,"4",-0.190122
767,"5",1.4241
768,"1",-1.10915
768,"2",0.355025
768,"3",-0.271813
768,"4",0.123519
768,"5",-0.840374
769,"1",-0.27182
769,"2",-1.30526
769,"3",-1.6886
769,"4",-0.786228
769,"5",-0.330985
770,"1",-1.04839
770,"2",1.66611
770,"3",-1.3137
770,"4",0.837522
770,"5",-0.337314
771,"1",-2.87578
771,"2",0.0818544
771,"3",0.146907
771,"4",-0.448848
771,"5",-0.580852
772,"1",-0.219589
772,"2",-0.54512
772,"3",-1.05012
772,"4",1.72697
772,"5",1.00535
773,"1",-1.17132
773,"2",-0.0357204
773,"3",-0.620858
773,"4",0.113966
773,"5",0.848294
774,"1",-0.664797
774,"2",0.595341
774,"3",-1.29395
774,"4",0.186118
774,"5",-0.133966
775,"1",0.123649
775,"2",-0.472101
775,"3",1.65953
775,"4",0.591126
775,"5",-0.662147
776,"1",-0.241164
776,"2",-0.0304399
776,"3",0.0692294
776,"4",-0.075225
776,"5",1.00732
777,"1",1.25127
777,"2",-1.34538
777,"3",0.730249
777,"4",-1.17606
777,"5",0.323932
778,"1",2.33151
778,"2",0.280788
778,"3",-0.573836
778,"4",-0.324358
778,"5",-0.504276
779,"1",-1.84319
779,"2",0.204562
779,"3",0.59843
779,"4",1.41897
779,"5",-0.139874
780,"1",0.99583
780,"2",-1.30138
780,"3",0.230721
780,"4",1.00024
780,"5",0.708899
781,"1",0.0401153
781,"2",-1.99457
781,"3",-0.68647
781,"4",0.19254
781,"5",1.16931
782,"1",-0.0473676
782,"2",-2.16716
782,"3",-0.0731447
782,"4",-0.651077
782,"5",0.903116
783,"1",0.0734949
783,"2",-0.319922
783,"3",0.11926
783,"4",0.797271
783,"5",0.498936
784,"1",-1.94541
784,"2",-0.389583
784,"3",-0.12351
784,"4",-2.58709
784,"5",0.518573
785,"1",1.50998
785,"2",-1.87378
785,"3",-1.2156
785,"4",0.431585
785,"5",-0.2068
786,"1",-1.9335
786,"2",2.27022
786,"3",-0.469972
786,"4",-0.221543
786,"5",-0.551931
787,"1",0.0732223
787,"2",1.45992
787,"3",-0.0879811
787,"4",1.36322
787,"5",-0.0513508
788,"1",-0.938179
788,"2",1.65457
788,"3",0.742864
788,"4",-0.0474219
788,"5",-0.325381
789,"1",-0.542558
789,"2",1.04827
789,"3",-0.58289
789,"4",-1.0104
789,"5",0.105901
790,"1",1.13474
790,"2",0.0314012
790,"3",0.208727
790,"4",1.04699
790,"5",0.973127
791,"1",-0.148829
791,"2",-1.05152
791,"3",-1.5819
791,"4",0.14083
791,"5",-1.55289
792,"1",-0.554676
792,"2",-0.31817
792,"3",0.553617
792,"4",1.11539
792,"5",-0.371567
793,"1",0.450788
793,"2",-0.626233
793,"3",-1.3525
793,"4",1.22317
793,"5",0.256934
794,"1",-0.732844
794,"2",0.958612
794,"3",-0.380177
794,"4",-0.386586
794,"5",-0.784861
795,"1",-0.0202314
795,"2",-0.773065
795,"3",1.22339
795,"4",-1.19393
795,"5",-1.59019
796,"1",1.26216
796,"2",-0.601181
796,"3",0.12903
796,"4",0.193566
796,"5",1.02021
797,"1",-1.08227
797,"2",-0.365914
797,"3",-0.884735
797,"4",0.505287
797,"5",1.39174
798,"1",0.848289
798,"2",-1.7456
798,"3",-0.451255
798,"4",1.0499
798,"5",0.509464
799,"1",-0.350515
799,"2",-0.78825
799,"3",1.55581
799,"4",-1.42699
799,"5",1.5977
800,"1",-0.187246
800,"2",0.858826
800,"3",0.163634
800,"4",0.260943
800,"5",0.535963
801,"1",2.02455
801,"2",-1.27307
801,"3",-0.0722632
801,"4",-0.489078
801,"5",2.17023
802,"1",0.532878
802,"2",-0.878627
802,"3",-2.18163
802,"4",0.553753
802,"5",-1.51087
803,"1",1.01504
803,"2",0.385538
803,"3",-1.0994
803,"4",-1.21426
803,"5",-1.16957
804,"1",1.03527
804,"2",-2.92448
804,"3",-2.28239
804,"4",0.147211
804,"5",0.531369
805,"1",-0.389817
805,"2",0.50931
805,"3",-0.530849
805,"4",-0.44689
805,"5",-0.159614
806,"1",-0.0533454
806,"2",0.966362
806,"3",-1.6148
806,"4",0.0210447
806,"5",0.971323
807,"1",-1.1499
807,"2",1.7849
807,"3",1.18255
807,"4",0.841354
807,"5",1.07017
808,"1",-0.20269
808,"2",0.443647
808,"3",-0.630256
808,"4",0.595787
808,"5",0.187325
809,"1",0.114376
809,"2",0.226027
809,"3",-0.747593
809,"4",-0.378919
809,"5",0.229155
810,"1",0.52869
810,"2",0.726726
810,"3",0.721676
810,"4",0.576623
810,"5",1.33709
811,"1",0.0134191
811,"2",-1.29352
811,"3",-1.31597
811,"4",-0.0640458
811,"5",-0.601113
812,"1",0.289393
812,"2",0.875584
812,"3",1.51192
812,"4",-0.0804698
812,"5",-1.5571
813,"1",-0.871423
813,"2",-1.55283
813,"3",-3.47541
813,"4",0.814572
813,"5",-0.613225
814,"1",0.660517
814,"2",0.723783
814,"3",-0.383188
814,"4",-0.764192
814,"5",2.15807
815,"1",-0.12661
815,"2",-1.80737
815,"3",-0.383184
815,"4",0.497082
815,"5",-2.21743
816,"1",1.47814
816,"2",1.01523
816,"3",-0.563911
816,"4",1.05166
816,"5",0.485152
817,"1",-0.0664786
817,"2",1.6836
817,"3",-1.12252
817,"4",-2.40734
817,"5",0.169888
818,"1",-1.08808
818,"2",-0.458003
818,"3",-0.561656
818,"4",1.07061
818,"5",-1.38511
819,"1",-0.104854
819,"2",-0.80163
819,"3",1.7838
819,"4",-0.191683
819,"5",1.10662
820,"1",-0.697816
820,"2",0.0430218
820,"3",1.14717
820,"4",-1.65796
820,"5",0.717557
821,"1",1.84709
821,"2",-1.28351
821,"3",0.599878
821,"4",0.425472
821,"5",1.06123
822,"1",-1.21895
822,"2",0.708034
822,"3",-0.154635
822,"4",-0.314792
822,"5",1.85263
823,"1",1.48897
823,"2",0.295873
823,"3",-0.774073
823,"4",0.56634
823,"5",-0.844624
824,"1",-0.80619
824,"2",0.046512
824,"3",-0.734968
824,"4",0.313933
824,"5",-0.0481022
825,"1",1.49339
825,"2",0.591972
825,"3",-0.188021
825,"4",-0.485351
825,"5",0.703007
826,"1",0.669889
826,"2",-0.85605
826,"3",0.034608
826,"4",-0.963933
826,"5",1.5304
827,"1",-0.570897
827,"2",-0.493709
827,"3",-0.622645
827,"4",-0.502271
827,"5",0.364123
828,"1",0.429939
828,"2",0.66444
828,"3",1.07954
828,"4",-0.989733
828,"5",0.601523
829,"1",1.13373
829,"2",-0.756197
829,"3",0.417955
829,"4",0.255035
829,"5",-0.205585
830,"1",0.615702
830,"2",0.212334
830,"3",-0.45679
830,"4",1.68977
830,"5",1.36545
831,"1",-0.876512
831,"2",-1.03927
831,"3",-0.762307
831,"4",1.05276
831,"5",-0.402444
832,"1",-0.158362
832,"2",1.33048
832,"3",-0.71319
832,"4",-2.15021
832,"5",-0.719614
833,"1",-1.42622
833,"2",-1.00998
833,"3",-0.736792
833,"4",-0.0558426
833,"5",-0.758872
834,"1",0.444908
834,"2",0.0527675
834,"3",-0.0404082
834,"4",-0.462045
834,"5",1.62557
835,"1",-1.10423
835,"2",-0.123437
835,"3",-0.0432617
835,"4",-1.31072
835,"5",1.47242
836,"1",1.56637
836,"2",1.4684
836,"3",-1.24588
836,"4",-0.836737
836,"5",0.828806
837,"1",-0.852493
837,"2",-0.686501
837,"3",-0.0401758
837,"4",-1.59955
837,"5",1.68972
838,"1",0.0854345
838,"2",-1.28706
838,"3",1.39994
838,"4",-0.0496925
838,"5",0.742133
839,"1",-0.549331
839,"2",-1.71898
839,"3",0.265839
839,"4",-2.25472
839,"5",0.0969505
840,"1",0.00507619
840,"2",1.65139
840,"3",0.585917
840,"4",-0.918306
840,"5",0.729703
841,"1",0.657152
841,"2",-1.26993
841,"3",-0.792704
841,"4",1.319
841,"5",-1.43161
842,"1",-0.321276
842,"2",-0.093524
842,"3",0.612918
842,"4",-0.673116
842,"5",0.778364
843,"1",1.38576
843,"2",0.688938
843,"3",-2.19933
843,"4",0.496849
843,"5",-1.58465
844,"1",1.97078
844,"2",-0.0528143
844,"3",-0.407499
844,"4",-0.22259
844,"5",0.763128
845,"1",0.230804
845,"2",0.242458
845,"3",-1.42754
845,"4",0.310193
845,"5",1.95959
846,"1",-1.0962
846,"2",-0.656752
846,"3",0.126214
846,"4",-0.556848
846,"5",-0.157562
847,"1",-0.180154
847,"2",-0.0737348
847,"3",-1.02777
847,"4",-0.57643
847,"5",0.241137
848,"1",0.493744
848,"2",0.240652
848,"3",0.156296
848,"4",0.108764
848,"5",-0.0262617
849,"1",0.143374
849,"2",-1.00075
849,"3",0.361481
849,"4",2.31988
849,"5",0.681741
850,"1",-0.817194
850,"2",1.23682
850,"3",-0.252632
850,"4",-1.71449
850,"5",1.28475
851,"1",1.0369
851,"2",-1.19453
851,"3",-0.523737
851,"4",0.137541
851,"5",0.255331
852,"1",-0.609197
852,"2",0.602374
852,"3",0.427126
852,"4",-0.939652
852,"5",1.02111
853,"1",-0.900086
853,"2",-0.828636
853,"3",0.0614331
853,"4",-0.0731984
853,"5",-1.60226
854,"1",-0.328904
854,"2",-1.90913
854,"3",0.157605
854,"4",-0.782036
854,"5",-1.12816
855,"1",0.194108
855,"2",1.83022
855,"3",-0.34136
855,"4",-0.679773
855,"5",0.413367
856,"1",-0.0851275
856,"2",-0.110467
856,"3",0.658752
856,"4",-2.18048
856,"5",1.71324
857,"1",-0.253966
857,"2",-1.85799
857,"3",0.484921
857,"4",-1.55245
857,"5",-0.095251
858,"1",0.0735036
858,"2",1.47067
858,"3",-2.81306
858,"4",-0.904861
858,"5",-1.68264
859,"1",1.04056
859,"2",-0.366545
859,"3",-1.07917
859,"4",0.366906
859,"5",-1.03955
860,"1",-0.892586
860,"2",-0.796844
860,"3",-0.954584
860,"4",2.41651
860,"5",-1.66669
861,"1",0.715694
861,"2",1.26939
861,"3",0.207934
861,"4",-0.792367
861,"5",-0.460876
862,"1",-0.654264
862,"2",-0.47478
862,"3",0.154545
862,"4",0.577998
862,"5",0.207915
863,"1",-0.70511
863,"2",0.465003
863,"3",1.70988
863,"4",-1.07848
863,"5",0.022692
864,"1",-0.171795
864,"2",0.427201
864,"3",-0.534328
864,"4",-0.321176
864,"5",-0.932565
865,"1",0.0115826
865,"2",-1.44709
865,"3",-0.298962
865,"4",-0.190578
865,"5",1.69417
866,"1",1.35198
866,"2",-0.706458
866,"3",-1.63017
866,"4",0.548773
866,"5",0.918677
867,"1",1.28409
867,"2",1.4837
867,"3",2.75621
867,"4",-0.885868
867,"5",0.225487
868,"1",-0.126213
868,"2",-0.700802
868,"3",1.21129
868,"4",-2.1144
868,"5",-0.682753
869,"1",0.0565577
869,"2",-0.0246181
869,"3",0.0841064
869,"4",-1.35894
869,"5",0.586602
870,"1",-0.218588
870,"2",1.16088
870,"3",1.42734
870,"4",0.331853
870,"5",0.1426
871,"1",-0.0752807
871,"2",-1.23655
871,"3",-0.834387
871,"4",0.876316
871,"5",0.0357653
872,"1",1.08285
872,"2",0.711681
872,"3",-0.995387
872,"4",0.192512
872,"5",-0.814419
873,"1",1.11922
873,"2",0.640293
873,"3",0.697789
873,"4",0.325676
873,"5",-0.263457
874,"1",2.47587
874,"2",1.04684
874,"3",-0.459296
874,"4",-1.09221
874,"5",-0.496834
875,"1",-0.247235
875,"2",0.199197
875,"3",-0.424795
875,"4",1.44955
875,"5",-0.608205
876,"1",0.417474
876,"2",0.700515
876,"3",0.629785
876,"4",0.35235
876,"5",0.602831
877,"1",-1.15702
877,"2",-0.64553
877,"3",0.69863
877,"4",0.130705
877,"5",2.94703
878,"1",0.438885
878,"2",0.643208
878,"3",-1.97858
878,"4",0.234538
878,"5",-0.912574
879,"1",-0.0360332
879,"2",0.259014
879,"3",-0.984818
879,"4",-0.14297
879,"5",-0.17839
880,"1",1.11248
880,"2",0.93623
880,"3",0.513402
880,"4",2.31043
880,"5",-0.771548
881,"1",-0.740691
881,"2",-2.61286
881,"3",-0.0810336
881,"4",1.24952
881,"5",-0.580231
882,"1",1.59487
882,"2",-0.813389
882,"3",-1.91408
882,"4",-0.902918
882,"5",0.280313
883,"1",-0.556193
883,"2",-0.419
883,"3",-1.02547
883,"4",0.183483
883,"5",0.566306
884,"1",-0.319557
884,"2",0.554347
884,"3",0.170866
884,"4",-0.382127
884,"5",-1.20211
885,"1",-0.513416
885,"2",0.113139
885,"3",-0.13229
885,"4",-0.418574
885,"5",0.0539372
886,"1",-0.193789
886,"2",1.03526
886,"3",-2.7387
886,"4",0.628526
886,"5",-0.452261
887,"1",0.729457
887,"2",0.253893
887,"3",0.387658
887,"4",0.699431
887,"5",0.626996
888,"1",0.708411
888,"2",-0.300441
888,"3",1.6156
888,"4",-0.0316654
888,"5",1.47868
889,"1",0.237939
889,"2",0.0125761
889,"3",0.785624
889,"4",-0.61521
889,"5",-0.338823
890,"1",0.630928
890,"2",0.0191267
890,"3",-2.10426
890,"4",-1.37482
890,"5",0.567949
891,"1",0.566551
891,"2",-1.30811
891,"3",0.112144
891,"4",1.61811
891,"5",-0.594497
892,"1",-0.260617
892,"2",-0.824626
892,"3",0.696069
892,"4",0.753976
892,"5",1.41093
893,"1",-0.337194
893,"2",-0.349467
893,"3",-1.42706
893,"4",1.0364
893,"5",-1.02553
894,"1",0.255466
894,"2",1.11177
894,"3",-1.18027
894,"4",3.95772
894,"5",0.298444
895,"1",1.44073
895,"2",-2.02468
895,"3",0.909561
895,"4",0.786857
895,"5",-1.78102
896,"1",-1.40403
896,"2",0.0769783
896,"3",0.489232
896,"4",0.84827
896,"5",-1.76507
897,"1",-0.493469
897,"2",0.908465
897,"3",0.179699
897,"4",-0.739427
897,"5",-1.13229
898,"1",-0.340114
898,"2",0.214604
898,"3",-0.208347
898,"4",0.764369
898,"5",1.6653
899,"1",0.450878
899,"2",1.1908
899,"3",-1.07964
899,"4",0.16581
899,"5",1.38905
900,"1",0.591511
900,"2",-1.25877
900,"3",1.33808
900,"4",-1.7126
900,"5",0.046343
901,"1",1.02637
901,"2",0.585964
901,"3",0.273346
901,"4",0.575138
901,"5",0.599378
902,"1",-0.498427
902,"2",-0.476756
902,"3",-0.326504
902,"4",1.64047
902,"5",1.21282
903,"1",0.227797
903,"2",-0.614343
903,"3",-0.242827
903,"4",2.0859
903,"5",0.154954
904,"1",-1.09433
904,"2",-0.776791
904,"3",0.422155
904,"4",0.804928
904,"5",2.09704
905,"1",1.80517
905,"2",0.605289
905,"3",0.787299
905,"4",0.183158
905,"5",-0.184697
906,"1",-0.947499
906,"2",-0.615752
906,"3",0.220659
906,"4",0.580387
906,"5",0.813981
907,"1",-0.129021
907,"2",1.02802
907,"3",1.45878
907,"4",1.09022
907,"5",-2.07233
908,"1",-1.2103
908,"2",-2.54859
908,"3",1.62714
908,"4",0.524649
908,"5",-1.55552
909,"1",-1.96236
909,"2",-1.43088
909,"3",-1.35288
909,"4",-0.470005
909,"5",-0.457038
910,"1",0.640788
910,"2",-0.478108
910,"3",-0.602988
910,"4",-1.20679
910,"5",0.739738
911,"1",0.759431
911,"2",0.692941
911,"3",0.815328
911,"4",1.02429
911,"5",-1.4855
912,"1",0.654993
912,"2",-1.79455
912,"3",0.289653
912,"4",-0.114867
912,"5",-0.216573
913,"1",0.104948
913,"2",-1.42369
913,"3",-1.17952
913,"4",0.533834
913,"5",0.788288
914,"1",-0.860479
914,"2",-0.147239
914,"3",1.0938
914,"4",0.619695
914,"5",0.181111
915,"1",1.03821
915,"2",-1.78967
915,"3",1.0826
915,"4",1.00685
915,"5",1.48454
916,"1",1.11143
916,"2",-1.17622
916,"3",-0.430528
916,"4",-0.0234818
916,"5",0.226335
917,"1",1.15239
917,"2",1.05003
917,"3",-1.90365
917,"4",0.710013
917,"5",-0.604794
918,"1",-0.879086
918,"2",2.15035
918,"3",0.738863
918,"4",0.206735
918,"5",0.222893
919,"1",1.51247
919,"2",0.0691287
919,"3",0.159727
919,"4",0.687387
919,"5",-0.288375
920,"1",-0.879332
920,"2",-0.61278
920,"3",-0.159077
920,"4",-1.192
920,"5",0.245904
921,"1",-0.325196
921,"2",-0.646988
921,"3",-1.1277
921,"4",-2.31531
921,"5",0.409682
922,"1",0.118051
922,"2",0.725561
922,"3",0.632392
922,"4",1.00678
922,"5",1.04605
923,"1",0.0475131
923,"2",0.864768
923,"3",1.2714
923,"4",2.08239
923,"5",-2.2381
924,"1",-0.478618
924,"2",-2.004
924,"3",1.41113
924,"4",0.404849
924,"5",-1.32724
925,"1",-1.48605
925,"2",-0.354689
925,"3",1.99673
925,"4",-1.39273
925,"5",0.161567
926,"1",-0.855572
926,"2",-1.36072
926,"3",0.658871
926,"4",1.72769
926,"5",0.445129
927,"1",-0.19926
927,"2",-2.96733
927,"3",0.46319
927,"4",0.956806
927,"5",0.0215733
928,"1",-1.31744
928,"2",0.893855
928,"3",0.31414
928,"4",0.0959564
928,"5",-0.29614
929,"1",0.301664
929,"2",-0.758476
929,"3",-1.96125
929,"4",0.166217
929,"5",0.0179223
930,"1",1.15738
930,"2",-3.5185
930,"3",-1.87243
930,"4",3.23858
930,"5",0.30522
931,"1",-0.874748
931,"2",-0.427294
931,"3",0.0283948
931,"4",-0.707374
931,"5",0.419433
932,"1",1.53353
932,"2",-1.12373
932,"3",-0.787191
932,"4",-1.2578
932,"5",-0.0785272
933,"1",-0.817682
933,"2",-0.107833
933,"3",-0.883259
933,"4",-0.0825812
933,"5",2.66503
934,"1",0.0856788
934,"2",-0.359699
934,"3",1.24727
934,"4",0.300668
934,"5",-0.523087
935,"1",0.541903
935,"2",0.0659856
935,"3",0.0683253
935,"4",0.0702134
935,"5",-0.470399
936,"1",-2.03158
936,"2",0.444637
936,"3",-0.448629
936,"4",-0.339657
936,"5",-2.30829
937,"1",-0.0427242
937,"2",-1.42433
937,"3",0.502737
937,"4",1.26217
937,"5",-0.327422
938,"1",0.257919
938,"2",0.146093
938,"3",-0.129695
938,"4",1.74168
938,"5",-1.0307
939,"1",0.998359
939,"2",-0.950755
939,"3",0.478336
939,"4",-0.674678
939,"5",1.2487
940,"1",-0.0182173
940,"2",-1.20195
940,"3",2.06951
940,"4",-0.138302
940,"5",-0.829931
941,"1",0.0921673
941,"2",-0.35743
941,"3",-0.214184
941,"4",0.754037
941,"5",-0.234226
942,"1",0.613787
942,"2",-1.20227
942,"3",0.226765
942,"4",-0.926544
942,"5",-0.131781
943,"1",0.382754
943,"2",-0.277602
943,"3",0.649534
943,"4",-0.578191
943,"5",0.10684
944,"1",-1.18265
944,"2",0.0591049
944,"3",-0.473094
944,"4",0.502224
944,"5",-0.139486
945,"1",0.117621
945,"2",0.416341
945,"3",-0.641174
945,"4",0.24351
945,"5",-1.61668
946,"1",-1.96308
946,"2",0.644851
946,"3",0.909666
946,"4",0.623215
946,"5",-0.62756
947,"1",0.263934
947,"2",-1.10135
947,"3",-1.27932
947,"4",-0.142465
947,"5",0.276453
948,"1",-0.539012
948,"2",-0.316166
948,"3",2.20105
948,"4",-1.30916
948,"5",-2.06549
949,"1",-0.276401
949,"2",-1.99947
949,"3",-1.18034
949,"4",-1.04302
949,"5",0.740976
950,"1",0.944181
950,"2",1.0429
950,"3",-1.07641
950,"4",0.177457
950,"5",-1.87477
951,"1",-1.3298
951,"2",-0.369303
951,"3",0.967315
951,"4",-0.391332
951,"5",1.00505
952,"1",0.675991
952,"2",-0.505943
952,"3",0.942178
952,"4",-0.852849
952,"5",0.573639
953,"1",-1.06364
953,"2",-0.646302
953,"3",0.505092
953,"4",0.253533
953,"5",1.4363
954,"1",0.579229
954,"2",0.690381
954,"3",-0.170148
954,"4",0.988912
954,"5",-0.299266
955,"1",0.508757
955,"2",1.02729
955,"3",-0.708391
955,"4",-1.18886
955,"5",-0.0133531
956,"1",0.535334
956,"2",-1.30046
956,"3",-1.59473
956,"4",2.07417
956,"5",-0.384826
957,"1",0.973005
957,"2",-0.107503
957,"3",1.80697
957,"4",1.29786
957,"5",2.4328
958,"1",-1.33602
958,"2",-0.276397
958,"3",0.78216
958,"4",0.341496
958,"5",0.217688
959,"1",1.64524
959,"2",0.47285
959,"3",1.04751
959,"4",-0.0630188
959,"5",0.856733
960,"1",0.949041
960,"2",-1.09405
960,"3",0.0882794
960,"4",-0.0459121
960,"5",-0.428442
961,"1",0.197845
961,"2",1.10453
961,"3",-0.087877
961,"4",0.573898
961,"5",-0.0763147
962,"1",0.528675
962,"2",-0.965974
962,"3",-0.336708
962,"4",0.626505
962,"5",0.543985
963,"1",-0.0484853
963,"2",1.49667
963,"3",0.352119
963,"4",1.04647
963,"5",0.818385
964,"1",0.786425
964,"2",0.156574
964,"3",-0.380475
964,"4",0.515257
964,"5",1.16456
965,"1",-0.867661
965,"2",0.0593609
965,"3",-0.892149
965,"4",-0.0424461
965,"5",-0.271361
966,"1",0.756585
966,"2",1.0672
966,"3",-1.0084
966,"4",0.433261
966,"5",-0.210402
967,"1",1.00872
967,"2",0.149095
967,"3",1.2793
967,"4",1.21352
967,"5",1.89932
968,"1",-0.691188
968,"2",-1.25685
968,"3",-0.205826
968,"4",1.43136
968,"5",1.25841
969,"1",-1.01581
969,"2",0.918575
969,"3",-1.31636
969,"4",-1.07765
969,"5",-1.80868
970,"1",0.0639532
970,"2",-0.477088
970,"3",-1.11852
970,"4",0.103758
970,"5",0.23482
971,"1",-0.626567
971,"2",-0.913959
971,"3",-1.19397
971,"4",-1.03921
971,"5",-0.0651673
972,"1",0.415476
972,"2",0.0616677
972,"3",0.965928
972,"4",-0.779203
972,"5",-1.24977
973,"1",-0.380973
973,"2",-2.20452
973,"3",0.392527
973,"4",0.427557
973,"5",0.286698
974,"1",0.482234
974,"2",-0.113445
974,"3",1.42201
974,"4",-0.569064
974,"5",-1.2739
975,"1",-0.532007
975,"2",-0.656211
975,"3",0.818912
975,"4",-1.78751
975,"5",-0.381897
976,"1",-0.55767
976,"2",0.465387
976,"3",-0.286623
976,"4",0.0806001
976,"5",0.0356528
977,"1",-0.66509
977,"2",-0.383442
977,"3",1.07714
977,"4",-0.859526
977,"5",0.52153
978,"1",-0.44014
978,"2",-0.819868
978,"3",-0.382318
978,"4",-0.688929
978,"5",0.357225
979,"1",1.97771
979,"2",-0.800727
979,"3",0.325564
979,"4",0.152013
979,"5",1.04649
980,"1",1.68925
980,"2",1.61189
980,"3",-0.409454
980,"4",0.21356
980,"5",-0.0952859
981,"1",1.04106
981,"2",0.185114
981,"3",-0.82409
981,"4",0.0677406
981,"5",-0.417578
982,"1",-0.0120699
982,"2",-0.410141
982,"3",-0.821026
982,"4",-0.925975
982,"5",1.99485
983,"1",-0.058667
983,"2",-0.74079
983,"3",1.76848
983,"4",0.362317
983,"5",-1.49267
984,"1",0.734987
984,"2",-1.50254
984,"3",-0.130329
984,"4",-0.826503
984,"5",0.466647
985,"1",-2.30037
985,"2",2.63844
985,"3",0.411035
985,"4",1.35052
985,"5",-0.999167
986,"1",1.78537
986,"2",-0.609587
986,"3",-0.0371984
986,"4",0.270423
986,"5",-0.206839
987,"1",0.128573
987,"2",1.5593
987,"3",-0.729106
987,"4",1.32683
987,"5",-0.431935
988,"1",1.27777
988,"2",0.179051
988,"3",-0.476525
988,"4",1.7546
988,"5",-0.349529
989,"1",-0.09322
989,"2",-1.24997
989,"3",0.762787
989,"4",0.018827
989,"5",0.865912
990,"1",-0.544635
990,"2",-0.736898
990,"3",0.22652
990,"4",-1.14856
990,"5",0.192999
991,"1",-0.293141
991,"2",0.391624
991,"3",0.170989
991,"4",-0.443614
991,"5",1.04638
992,"1",0.949722
992,"2",1.17838
992,"3",0.45919
992,"4",-1.36188
992,"5",0.227463
993,"1",0.292737
993,"2",-0.902664
993,"3",0.90211
993,"4",-0.500276
993,"5",0.512064
994,"1",1.90877
994,"2",0.773221
994,"3",-1.33491
994,"4",-1.92569
994,"5",0.162654
995,"1",-0.855763
995,"2",-0.0214766
995,"3",-1.37171
995,"4",-0.996247
995,"5",0.512407
996,"1",0.60716
996,"2",-2.00544
996,"3",-0.0273878
996,"4",-0.833356
996,"5",-1.07805
997,"1",-0.332801
997,"2",1.31581
997,"3",0.807344
997,"4",-0.821268
997,"5",-0.71245
998,"1",-0.454701
998,"2",1.1067
998,"3",0.116359
998,"4",0.159647
998,"5",1.33527
999,"1",-1.11975
999,"2",0.8999
999,"3",0.236431
999,"4",-1.34541
999,"5",-0.8769
1000,"1",1.89552
1000,"2",0.490563
1000,"3",0.612124
1000,"4",-0.945762
1000,"5",0.934615
